2002,2003,2004,2005,2006,2007,2008,2009,2010,2011,2012,2013,2014,2015
4910361.0,5384240.0,5687957.0,6414601.0,6903056.0,7507964.0,8829049.0,8056856.0,7844581.0,8009858.0,8408601.0,8562868.0,8800679.0,8576809.0
20973927.0,22575064.0,24183097.0,26573587.0,27687118.0,29660930.0,38418010.0,31520992.0,32282747.0,31895845.0,33764768.0,34124712.0,35784832.0,37029834.0
7335980.0,7767629.0,8159848.0,8417889.0,9310206.0,9971001.0,11716666.0,10816718.0,10885166.0,11069550.0,11084777.0,11250309.0,11758559.0,11771983.0
28211091.0,30209341.0,32008144.0,33762307.0,37438920.0,38966040.0,54645090.0,44212809.0,45144616.0,46977726.0,51292289.0,53396764.0,56632683.0,58148061.0
6311658.0,6697340.0,6758030.0,6873943.0,7139327.0,7767269.0,8995197.0,8371378.0,8464826.0,8512747.0,8597998.0,8852107.0,9363120.0,9432399.0
8715561.0,8919765.0,9691736.0,10205012.0,10613106.0,11089390.0,11687971.0,12655947.0,12534084.0,12593791.0,13312652.0,13516055.0,13978646.0,14614288.0
28987446.0,29840515.0,29758475.0,32170658.0,35075098.0,37095815.0,50558499.0,41651157.0,42342339.0,42974081.0,45044221.0,46108451.0,48175177.0,47885291.0
9855192.0,10121582.0,10752327.0,11227747.0,12199093.0,13332507.0,14630594.0,15045677.0,15467143.0,15340874.0,15411290.0,15599595.0,15923151.0,16405008.0
28688051.0,30231761.0,31124722.0,32467895.0,34717251.0,36050621.0,46027926.0,39762463.0,38917838.0,39878864.0,42185635.0,44246629.0,46384500.0,46517348.0
5543064.0,6071043.0,6261525.0,6316674.0,6527331.0,6841120.0,7118979.0,6984949.0,6808906.0,6740813.0,6870029.0,6784789.0,7017668.0,6946134.0
28013115.0,29569806.0,31358858.0,32419132.0,35502258.0,36494139.0,45243647.0,40453351.0,40445920.0,40609912.0,41407469.0,40980883.0,42708097.0,42712016.0
9134912.0,9580864.0,9981999.0,10403638.0,11128213.0,11395676.0,15385286.0,12675559.0,12866459.0,13011924.0,13711064.0,14080200.0,14500226.0,14768355.0
3619916.0,3782399.0,3874822.0,3863990.0,4197711.0,4439958.0,4998002.0,5320790.0,5370163.0,5546367.0,5548197.0,5670995.0,5831304.0,5857043.0
35155560.0,36856408.0,38222370.0,39882279.0,42911741.0,45013856.0,60571587.0,49602424.0,50550551.0,52066037.0,54721423.0,56100841.0,57742288.0,57416360.0
162216090.0,164183321.0,169064179.0,172602830.0,174831870.0,211764417.0,218222813.0,222867074.0,205130582.0,229559379.0,259297544.0,261470234.0,267927607.0,264104051.0
3638809.0,3712005.0,3973382.0,4140923.0,4179208.0,4519993.0,4695784.0,4818496.0,4678658.0,4931622.0,5022059.0,4891483.0,4950398.0,4686690.0
69212000.0,70054000.0,72234000.0,75860000.0,83047000.0,87131000.0,121810000.0,96364000.0,95615000.0,96785000.0,100448000.0,98435000.0,102684000.0,104561451.0
26534977.0,27555553.0,28867645.0,29852450.0,33253880.0,34316860.0,45501772.0,37278699.0,36461447.0,38063564.0,39846302.0,41347563.0,42881832.0,43046911.0
11532606.0,12121351.0,12399734.0,12957850.0,13922309.0,14303377.0,15351712.0,16034423.0,16296384.0,16379323.0,16973810.0,17370720.0,18141251.0,18539569.0
14229670.0,15281725.0,15954306.0,17144615.0,18677615.0,19290326.0,20217507.0,21208198.0,21646385.0,22244019.0,22567658.0,22848392.0,23328178.0,23670355.0
2251637.0,2469075.0,2502522.0,2618974.0,2898693.0,2964982.0,3296366.0,2718795.0,2787951.0,2853093.0,3215901.0,3244772.0,3040647.0,3216778.0
8449111.0,8861430.0,9142920.0,9525276.0,10088699.0,10486071.0,12877890.0,11115591.0,11317718.0,11230443.0,11472655.0,12149799.0,12162679.0,12296025.0
14675263.0,15307745.0,15880514.0,17193498.0,19155923.0,20582466.0,27715327.0,23364439.0,23152901.0,24063033.0,25324536.0,25709116.0,26705326.0,27426241.0
4112511.0,4313410.0,4368406.0,4558151.0,4800283.0,5366747.0,5602595.0,5908056.0,5945322.0,5774865.0,5626443.0,5931939.0,6101752.0,6331588.0
47237812.0,48761000.0,50298728.0,51007357.0,55204406.0,57588979.0,59146513.0,63051443.0,63459814.0,65036092.0,67408514.0,68815590.0,71369932.0,74575158.0
5681398.0,5966472.0,6322774.0,7053700.0,7167101.0,7384983.0,7887865.0,8432858.0,8781327.0,9022134.0,9115305.0,9148482.0,8693813.0,8769969.0
21889479.0,22779024.0,23607067.0,24431740.0,26378049.0,27684255.0,37475160.0,30748842.0,31113649.0,32137637.0,32273832.0,33124324.0,34066239.0,34191891.0
24308011.0,26872561.0,28139441.0,28467400.0,31481633.0,33976567.0,35822916.0,36921607.0,35813628.0,36998747.0,40492902.0,41828767.0,43879506.0,43909369.0
2686614.0,2798964.0,2847774.0,3034720.0,3220414.0,3405853.0,4056429.0,3831032.0,3754811.0,3801654.0,3978880.0,3719089.0,3781634.0,3931647.0
7919695.0,8234312.0,8907533.0,9353308.0,10337636.0,11165125.0,14135143.0,11894985.0,11517470.0,11232034.0,11931065.0,12036200.0,12716452.0,12592285.0
2879927.0,3100760.0,3144310.0,3333169.0,3567570.0,3770035.0,4411874.0,4016396.0,4082378.0,4042208.0,4096802.0,4283594.0,4268248.0,4227939.0
17434358.0,17970612.0,19051954.0,20342370.0,22020878.0,22712102.0,31080910.0,25815014.0,25029076.0,25860037.0,27995105.0,28131806.0,29631593.0,29541973.0
17295612.0,18126496.0,18950562.0,19887275.0,22003642.0,24063006.0,32372132.0,26760282.0,26596305.0,26568344.0,28116330.0,28339843.0,29649940.0,30610852.0
81035751.0,83256220.0,89066006.0,93430267.0,102381921.0,107317345.0,114914158.0,121411300.0,117631730.0,121036352.0,129949781.0,130444875.0,135882098.0,141957467.0
44974037.0,47766948.0,51061968.0,54247986.0,61983774.0,64441577.0,89629028.0,74728039.0,76971943.0,80795051.0,86509642.0,90216733.0,96322274.0,99103639.0
7040949.0,7595997.0,7657137.0,8089305.0,8564510.0,9087372.0,10083786.0,9898159.0,9469760.0,9820587.0,10717646.0,10720924.0,11206997.0,11549813.0
13747492.0,14832287.0,14959322.0,15626786.0,17687616.0,17635611.0,23663301.0,19873813.0,20036381.0,20527006.0,18898160.0,19314326.0,20697007.0,22108184.0
13189199.0,14011817.0,15266929.0,16211639.0,17640859.0,18577710.0,19506284.0,20377712.0,20032348.0,20209379.0,21677624.0,22540262.0,22605364.0,22854758.0
8139599.0,8866102.0,9500778.0,9958857.0,10485501.0,11079224.0,11887509.0,12449844.0,12761001.0,12993868.0,13237128.0,13829200.0,14282030.0,15013695.0
12721227.0,13598638.0,14093258.0,15002697.0,16458760.0,17082092.0,23363965.0,19669609.0,19179294.0,19343860.0,20323325.0,20393896.0,21391246.0,20920432.0
17961468.0,18677585.0,19340073.0,20327677.0,22524248.0,23441786.0,32650534.0,27066537.0,27509315.0,28545580.0,29238599.0,29894213.0,31395954.0,31336281.0
68245000.0,71335000.0,73438000.0,77390000.0,82195000.0,84427000.0,114773000.0,92242000.0,84284000.0,89434000.0,97696000.0,100759000.0,107307000.0,103700000.0
33845890.0,36295992.0,38004823.0,44190462.0,43677226.0,42210468.0,52792124.0,47501312.0,44137267.0,43749500.0,48339563.0,48455006.0,50428317.0,50447708.0
28190527.0,30167583.0,31227558.0,32952955.0,36033192.0,38111914.0,40271673.0,42299028.0,41427641.0,43090693.0,45459821.0,46632038.0,48126767.0,49709355.0
12503821.0,13462340.0,14206525.0,15243572.0,16372043.0,17052072.0,23401901.0,20760869.0,19351289.0,20522588.0,21503161.0,22517698.0,23072375.0,23299723.0
2923028.0,2945375.0,2979606.0,3169008.0,3332556.0,3445577.0,3519454.0,3829616.0,3745816.0,3819029.0,3756017.0,3864869.0,3854354.0,3946713.0
15540004.0,16638327.0,17192036.0,18389785.0,19822526.0,21625026.0,27632800.0,24900625.0,25004081.0,25665283.0,26784954.0,27263689.0,27304586.0,27724507.0
20219506.0,21389083.0,22841721.0,24076078.0,25724476.0,27133354.0,37596600.0,30967610.0,31017970.0,32365108.0,33773953.0,35342309.0,37658420.0,39195495.0
60304521.0,63189741.0,65267466.0,64524000.0,69351000.0,72357000.0,97560000.0,73847000.0,65002000.0,70698000.0,71140000.0,73344000.0,77039000.0,73482000.0
8450848.0,9313388.0,10101268.0,11291317.0,11641664.0,12310835.0,14444605.0,13831806.0,14400640.0,14686263.0,15259930.0,15818277.0,16539771.0,16395031.0
89275000.0,96108000.0,104400000.0,113758000.0,123157000.0,131280000.0,169304000.0,151011000.0,151473000.0,152992000.0,161132000.0,166241000.0,171991000.0,171906000.0
36788828.0,39815352.0,40892008.0,43121787.0,47620106.0,49756734.0,67005030.0,52626772.0,53821985.0,55572545.0,59898122.0,61514220.0,63908106.0,63453677.0
3183709.0,3364878.0,3632634.0,3613581.0,3921149.0,4000129.0,5059150.0,4253663.0,4307144.0,4190396.0,4364345.0,4250498.0,4360997.0,4375142.0
54730948.0,59161701.0,60485905.0,66141926.0,68918999.0,74031222.0,108065783.0,83715229.0,92864175.0,95347354.0,99561559.0,101617744.0,106599514.0,107377221.0
4671570.0,4978769.0,5250304.0,5616137.0,5747150.0,6029668.0,6317579.0,6724961.0,6833904.0,7000608.0,7155779.0,6924636.0,7250596.0,7253218.0
17932938.0,19464353.0,20560202.0,21629119.0,23874807.0,25073445.0,34128755.0,27848851.0,28313332.0,28128240.0,29506830.0,29454150.0,30638153.0,30716490.0
93925768.0,100147739.0,104916756.0,109861257.0,119282550.0,123286129.0,172854916.0,135519709.0,135277746.0,142077135.0,152486555.0,155006606.0,159830154.0,164233253.0
19458438.0,19938256.0,20337990.0,20489600.0,22502878.0,22792880.0,28912467.0,26080659.0,26063194.0,26324931.0,26378099.0,27317952.0,28005356.0,27669568.0
59345414.0,62544160.0,62444397.0,65472871.0,70109396.0,72450322.0,95600470.0,76365187.0,79363536.0,78536129.0,79722039.0,80996988.0,82192134.0,81862680.0
0.0,0.0,0.0,0.0,0.0,0.0,0.0,0.0,0.0,0.0,0.0,0.0,0.0,0.0
37430788.0,37637941.0,39230998.0,40602149.0,43476194.0,46723393.0,62540034.0,52451290.0,52600881.0,54070201.0,56963303.0,58751799.0,61781211.0,63185233.0
12179893.0,12887547.0,13579290.0,14580398.0,15658930.0,17273280.0,18488983.0,20293804.0,19468254.0,19463675.0,20170062.0,20918591.0,21414633.0,22376890.0
70136272.0,74007606.0,77222394.0,78743107.0,83929730.0,75918099.0,80448243.0,83496925.0,83759620.0,85075902.0,87773548.0,91359833.0,91700269.0,84858213.0
3424618.0,3585416.0,3616559.0,3628453.0,3825972.0,3869624.0,3866292.0,4019509.0,4124942.0,4105540.0,4143921.0,4051240.0,4126273.0,4095928.0
209622000.0,208525000.0,204344000.0,211898000.0,270874000.0,279086000.0,374467000.0,305432000.0,305210000.0,304370000.0,313069000.0,314620000.0,321535000.0,326647000.0
3700486.0,3883467.0,3989715.0,4440492.0,4454604.0,4426362.0,5286532.0,4724540.0,4486859.0,4371558.0,4786648.0,4906068.0,5134598.0,5167038.0
8651290.0,8959591.0,9305837.0,9403256.0,9330901.0,9731613.0,10332812.0,10823478.0,10978122.0,11020375.0,11389097.0,11880886.0,12006633.0,12639441.0
14400223.0,15412069.0,17284521.0,18643775.0,20721940.0,21795507.0,23537458.0,24770356.0,25224497.0,26052515.0,26592584.0,26945745.0,27866472.0,28797677.0
4396862.0,4654201.0,4844161.0,5113182.0,5516979.0,5915841.0,7088353.0,6340748.0,6412867.0,6345040.0,6691378.0,7045914.0,7016016.0,7188717.0
25853695.0,26653720.0,27532855.0,28307598.0,30790394.0,34059233.0,45755940.0,38249181.0,39087800.0,36148345.0,41301709.0,42666655.0,43637467.0,44202229.0
10595473.0,11377367.0,12032553.0,12885270.0,14321300.0,14853727.0,15427893.0,15345795.0,16001735.0,16134904.0,16985013.0,16611324.0,15777424.0,15957890.0
13053881.0,13347487.0,13739069.0,14302684.0,15231182.0,15806516.0,21770958.0,17676468.0,18184933.0,18947268.0,18954614.0,18810571.0,19604569.0,19618104.0
26560015.0,24408259.0,25088969.0,25562117.0,27228735.0,27661387.0,36681537.0,31244141.0,31074028.0,30952093.0,32771856.0,32958749.0,33978236.0,34539230.0
6785275.0,6981677.0,7506524.0,7789056.0,8285176.0,9138497.0,9349387.0,9828316.0,9423614.0,9285039.0,10024384.0,10327874.0,10157341.0,10201601.0
12275311.0,13216500.0,13984356.0,14242000.0,15428000.0,15836000.0,21225000.0,16978000.0,16656000.0,17177000.0,18102000.0,18545000.0,18861000.0,19117000.0
3587624.0,4056275.0,4260081.0,4818591.0,4976808.0,5283567.0,5331077.0,5440338.0,5524057.0,5895593.0,5862930.0,5885453.0,6483107.0,6556450.0
32058531.0,32242788.0,34386092.0,36253672.0,39261170.0,41242537.0,56099065.0,48244440.0,49706628.0,51565751.0,52720499.0,53737674.0,55604951.0,55836777.0
73008000.0,75992000.0,80392000.0,81942000.0,88941000.0,94437000.0,123770000.0,103412000.0,101255000.0,102847000.0,112033000.0,113067000.0,116985000.0,121800000.0
22120726.0,22573932.0,23838499.0,25077649.0,27262086.0,28212264.0,34026981.0,31969128.0,30342499.0,30739549.0,32491645.0,32224464.0,33381585.0,33321255.0
9552216.0,10278464.0,11114108.0,11821811.0,12934219.0,13785208.0,16356932.0,14729305.0,14609129.0,14575527.0,14996229.0,15213918.0,15434472.0,15784850.0
69583833.0,73736502.0,75326596.0,78349396.0,93307731.0,99267133.0,133749494.0,106175816.0,99309776.0,101978309.0,111433666.0,111411471.0,113672829.0,110843185.0
10452226.0,11513538.0,11120913.0,12454897.0,13715412.0,14640597.0,15904783.0,16817011.0,17508656.0,17927638.0,18677886.0,19093395.0,19694996.0,19951990.0
7222183.0,7732158.0,8250918.0,8640144.0,9043502.0,9544770.0,10062275.0,10666570.0,10358074.0,10837057.0,11332311.0,11549668.0,11969987.0,12323644.0
49965000.0,52983000.0,55427000.0,57230000.0,62910000.0,66261000.0,89694000.0,73443000.0,72244000.0,73414000.0,76965000.0,79052000.0,82259000.0,82531000.0
71290000.0,76187000.0,79965000.0,83738000.0,91148000.0,95431000.0,128653000.0,106963000.0,106657000.0,109306000.0,114635000.0,119070000.0,123068000.0,119634000.0
35507575.0,37085312.0,39258790.0,41845171.0,45238320.0,47077818.0,64456492.0,51546173.0,53939216.0,55364249.0,56657002.0,56376507.0,58266029.0,58009142.0
28560599.0,29770053.0,30161889.0,30922638.0,33121933.0,35226227.0,36705134.0,35456530.0,38609352.0,39300580.0,39577389.0,41237122.0,41200103.0,41507886.0
4418963.0,4649173.0,4914225.0,5044061.0,5449241.0,5686077.0,5746376.0,5706911.0,5809619.0,5762292.0,5803371.0,6103672.0,5957858.0,6135775.0
42191522.0,45308404.0,47423829.0,48646162.0,52412764.0,55174664.0,73739126.0,62215605.0,56650313.0,55962948.0,62380519.0,62533010.0,66204553.0,64498577.0
94632000.0,102944000.0,108233000.0,112603000.0,118050000.0,120623000.0,160456000.0,129357000.0,120254000.0,118812000.0,132786000.0,133504000.0,141020000.0,138100000.0
42684491.0,48461022.0,52298589.0,55817773.0,60292896.0,65091068.0,67946645.0,73881559.0,74379919.0,77196076.0,79172586.0,82762324.0,86457443.0,90682407.0
22470280.0,23386482.0,24275148.0,24987074.0,26889297.0,28103170.0,29784853.0,30966360.0,31846816.0,32264595.0,33498893.0,34611870.0,35664277.0,35540155.0
11345537.0,12170714.0,12708316.0,13366713.0,14128810.0,14007269.0,17203654.0,15697795.0,15906763.0,16105201.0,16544942.0,17248837.0,17925220.0,18139405.0
156947934.0,156750453.0,159770810.0,162878021.0,174302677.0,179948440.0,256210171.0,192024547.0,194071482.0,193103792.0,203686746.0,204422059.0,210739315.0,214438961.0
35370655.0,36410651.0,35830704.0,37464959.0,39198927.0,40042646.0,52721171.0,42649594.0,39208343.0,39588608.0,43863439.0,43167950.0,45031924.0,45127644.0
42755707.0,44631663.0,47390894.0,49318319.0,53410257.0,56479279.0,75142150.0,61372519.0,60425864.0,63361649.0,64012160.0,63309161.0,66335339.0,68604228.0
39735736.0,42248000.0,44634000.0,46586000.0,50265000.0,53590000.0,73635000.0,60397000.0,63212000.0,64499000.0,68303000.0,69551000.0,74223000.0,74223000.0
44038505.0,47217365.0,51086878.0,54200950.0,58894570.0,62710766.0,79232308.0,70846082.0,69998613.0,72045166.0,74459845.0,74874327.0,79695025.0,78608340.0
3367806.0,3351234.0,3282204.0,3494231.0,3760449.0,4098774.0,4548555.0,4071838.0,4117544.0,4414170.0,4437501.0,4442161.0,4516476.0,4588779.0
21284225.0,22233578.0,23128660.0,23251228.0,25672515.0,26964963.0,35671506.0,29728194.0,30387476.0,30843547.0,32241566.0,32125690.0,33134078.0,32867738.0
5786167.0,5859807.0,6027579.0,6272142.0,6432403.0,6878547.0,8227379.0,7734833.0,7902846.0,8183328.0,8163226.0,8519198.0,8765855.0,9389722.0
33327056.0,35074815.0,36236183.0,37478231.0,40128977.0,41162636.0,43745733.0,45468390.0,45524362.0,47701735.0,49716236.0,50439271.0,53235992.0,54392877.0
9400653.0,9958997.0,9762266.0,10311920.0,11033361.0,11367059.0,11524609.0,11613316.0,11909344.0,11853078.0,13260002.0,13413630.0,14097174.0,13634499.0
114508548.0,121175403.0,123731669.0,130808409.0,142256785.0,145969257.0,153675894.0,160083564.0,161411159.0,164604885.0,173117163.0,174748185.0,184591078.0,190790463.0
51656700.0,52318721.0,53690177.0,56267000.0,59246000.0,62507000.0,79020000.0,70164000.0,66152000.0,67160000.0,72021000.0,75394000.0,77381000.0,77145000.0
15097916.0,16429960.0,17230288.0,19154498.0,19907714.0,21001614.0,21593555.0,22326280.0,22467474.0,22632353.0,23285508.0,24293158.0,24314383.0,24649113.0
14374330.0,15160355.0,15935719.0,16480591.0,18017381.0,18625046.0,24270424.0,21424705.0,22057089.0,22975131.0,24144507.0,24745084.0,26165008.0,27286135.0
25284532.0,25358673.0,26772132.0,28309390.0,30785351.0,33059930.0,39717632.0,36937748.0,37809305.0,37879596.0,39615890.0,40376009.0,41961871.0,42516288.0
15437134.0,16041246.0,18367018.0,18747173.0,21122475.0,22803753.0,30674741.0,26840609.0,26207478.0,27216870.0,27912746.0,28790894.0,30419090.0,30525846.0
24863064.0,25109312.0,25930720.0,27712868.0,30490000.0,32023371.0,33802453.0,31742982.0,35255529.0,34521797.0,35711515.0,36236087.0,37742762.0,39308971.0
25075852.0,27273069.0,27137605.0,28689440.0,30811412.0,31664818.0,42839809.0,35081505.0,35029994.0,35631512.0,36497815.0,36498345.0,37928248.0,37599680.0
17361699.0,18004450.0,18789813.0,19149157.0,21167759.0,21655446.0,26958853.0,23635456.0,24102428.0,24167940.0,25174301.0,25466681.0,26530771.0,
5913395.0,6236495.0,6976534.0,7481147.0,8060948.0,8607344.0,9293307.0,9678397.0,9835342.0,10042111.0,10355646.0,10583518.0,10876672.0,11246794.0
13137400.0,13979476.0,14558937.0,15237942.0,16798947.0,17247657.0,22345049.0,18701508.0,18604782.0,19306090.0,19793291.0,20216816.0,20983986.0,21094353.0
8131848.0,8362387.0,7947868.0,8562333.0,9465177.0,10401301.0,10547934.0,11137380.0,10865208.0,10843392.0,11166085.0,11017203.0,12065450.0,11560965.0
13394142.0,14217173.0,14826229.0,15783761.0,16683577.0,17789838.0,18877933.0,19460041.0,19824076.0,19839615.0,20218427.0,20746911.0,21486385.0,22117025.0
12228269.0,13038603.0,13274384.0,13701841.0,14716007.0,15621857.0,20967049.0,16790824.0,16450589.0,17752764.0,18099219.0,18493953.0,19139288.0,18932080.0
20747310.0,22951713.0,23802939.0,25028719.0,26540714.0,28727401.0,35725618.0,32504810.0,32678942.0,33466941.0,35106197.0,35982664.0,36823250.0,36249453.0
49619179.0,52887521.0,57951342.0,60694959.0,67019707.0,71669217.0,98454741.0,80923133.0,82939471.0,83395812.0,87248296.0,90046458.0,92761909.0,94568454.0
20164930.0,21102290.0,21683854.0,22615897.0,24761249.0,26080002.0,36640268.0,29424694.0,30266724.0,30865280.0,32952537.0,33885126.0,35566626.0,38973084.0
4183050.0,4547244.0,4927367.0,5277961.0,5437401.0,5624865.0,5647247.0,6068964.0,6082441.0,6219646.0,6557435.0,6658466.0,6790721.0,6978595.0
7165862.0,7532789.0,7986423.0,8151085.0,9164711.0,9725709.0,11578692.0,10628419.0,9988643.0,10454834.0,10625583.0,11116008.0,11258315.0,11559640.0
5994414.0,6233176.0,6396033.0,6699279.0,6771173.0,7295626.0,8631213.0,7663926.0,7823633.0,7917159.0,7959258.0,8054951.0,8414292.0,8230306.0
3225280.0,3194082.0,3365828.0,3685772.0,3894556.0,4178934.0,3973587.0,4237439.0,3850301.0,4106792.0,4545284.0,4513899.0,4498536.0,4691725.0
21480750.0,23184875.0,24788370.0,26192997.0,28385044.0,29210085.0,38297938.0,30293597.0,28397600.0,30179163.0,32887244.0,33091150.0,35087291.0,36132376.0
4255864.0,4534259.0,4962884.0,5185644.0,5517068.0,5398079.0,6858345.0,6391573.0,6469252.0,6438520.0,6656208.0,6450506.0,6377957.0,6819517.0
49152572.0,51931576.0,53529419.0,55744231.0,59144590.0,63138300.0,85504187.0,69732133.0,68185134.0,67380683.0,71812630.0,70066838.0,74300492.0,75053250.0
5339440.0,5790457.0,6371384.0,6974510.0,7606951.0,8034774.0,10040900.0,8775336.0,8649866.0,8774192.0,8941173.0,9169574.0,9540965.0,9615620.0
44471413.0,47804212.0,49838946.0,51756275.0,55983288.0,59059976.0,80434620.0,64620969.0,65728909.0,66795182.0,68933265.0,70434246.0,73703266.0,71510265.0
14550114.0,14955470.0,15582337.0,16329717.0,17558919.0,18362447.0,25585754.0,20850296.0,19932606.0,20829709.0,21936853.0,22526248.0,23416325.0,24073247.0
43720887.0,46240102.0,48924413.0,49919405.0,53900158.0,57721839.0,78231913.0,63808126.0,65415184.0,66904426.0,70996075.0,71405984.0,76012600.0,75058105.0
28666105.0,29910443.0,33697693.0,34902126.0,37082411.0,38623503.0,39731441.0,41080048.0,40624032.0,41616763.0,41344692.0,40999183.0,42098268.0,43729317.0
56041843.0,58967000.0,63250000.0,66365000.0,71773000.0,74210000.0,99810000.0,80875000.0,83561000.0,86524000.0,88326000.0,91796000.0,95632000.0,95625000.0
4756671.0,4995756.0,4980867.0,5611527.0,5895301.0,6050932.0,6171437.0,5851029.0,5812415.0,6132335.0,6406349.0,6351215.0,6657148.0,6544087.0
18215250.0,19131005.0,19875738.0,20285062.0,21811543.0,22569847.0,31275097.0,26405030.0,24727419.0,25026777.0,27449756.0,28209133.0,29246051.0,29723966.0
166654110.0,170537634.0,178171950.0,189674272.0,207702919.0,216863390.0,221558188.0,243089067.0,244611342.0,241144181.0,252544074.0,255459497.0,276434644.0,272876527.0
4926609.0,5270007.0,5732350.0,5944292.0,6497164.0,6743121.0,7590089.0,7989345.0,8144070.0,8033070.0,8082820.0,8274645.0,8540868.0,8378283.0
23502315.0,24123437.0,25737820.0,26438697.0,28775556.0,30046705.0,31572075.0,32561493.0,33500347.0,33491085.0,35002770.0,36055893.0,37748407.0,37234199.0
67749446.0,69480496.0,71219079.0,72989297.0,80837801.0,84310065.0,115569201.0,95522351.0,93610201.0,96787391.0,102808638.0,104421589.0,108317705.0,110427752.0
18107405.0,19706125.0,21248230.0,23149198.0,25554675.0,27630468.0,38869775.0,31384169.0,31917228.0,32423783.0,34204716.0,35308503.0,35732506.0,35848599.0
10935171.0,11441282.0,11936478.0,12286857.0,13181956.0,13639466.0,17018547.0,14780948.0,13933975.0,14167881.0,15360953.0,15702579.0,15838445.0,15560482.0
12039995.0,12078057.0,12747043.0,13285190.0,14592357.0,15390682.0,20878685.0,17100896.0,17195096.0,17008571.0,17604208.0,17999046.0,18544267.0,18736722.0
23445199.0,26495649.0,27803397.0,29008668.0,31048352.0,32611898.0,44228236.0,36943631.0,35747088.0,37744919.0,39416894.0,40346946.0,41193428.0,41845358.0
44731363.0,47490663.0,48691886.0,50881760.0,55729332.0,59365416.0,79589776.0,67510194.0,67508518.0,68685012.0,69524879.0,71882551.0,76389179.0,76790078.0
56722725.0,59512019.0,65943957.0,68402454.0,77699931.0,79481884.0,84817231.0,83200356.0,92778603.0,95962843.0,99657036.0,105090812.0,109704266.0,111191120.0
884535.0,939426.0,1010067.0,1062182.0,1138978.0,1355749.0,1458742.0,1525478.0,1569906.0,1660942.0,1667621.0,1739301.0,1958719.0,2111063.0
39536662.0,39720337.0,41079425.0,42293527.0,45669360.0,46567372.0,61340447.0,49284455.0,49302826.0,52089429.0,52300137.0,54365055.0,56788058.0,57008315.0
4895335.0,4947331.0,4814143.0,5077815.0,5454123.0,5886752.0,7189140.0,6363783.0,5976499.0,6088931.0,6573552.0,6716929.0,6927162.0,7048859.0
64033315.0,67044000.0,68006000.0,72230000.0,79873000.0,82499000.0,112045000.0,89881000.0,89377000.0,90009000.0,95875000.0,99391000.0,103194000.0,102504000.0
1940328.0,1977581.0,2282849.0,2582284.0,2595665.0,2905177.0,2912116.0,2946495.0,2706523.0,2842144.0,2995840.0,3158921.0,3128812.0,3311693.0
6507046.0,6814359.0,6999142.0,7289371.0,7684429.0,8120135.0,8476813.0,8964622.0,9135602.0,9145846.0,9328359.0,9532203.0,9402789.0,9681272.0
119448000.0,128345000.0,134403000.0,134548000.0,144916000.0,153285000.0,218774000.0,169099000.0,169827000.0,168429000.0,175180000.0,174373000.0,180634000.0,174838000.0
32506363.0,33525779.0,34070152.0,35236503.0,38288496.0,39575955.0,53331493.0,42948054.0,44312500.0,45477649.0,47785199.0,49169506.0,50512081.0,50850012.0
28476609.0,28662240.0,29795301.0,30635694.0,32377713.0,34388243.0,46938079.0,38620195.0,38016801.0,36930006.0,39592522.0,42983391.0,43236872.0,44456479.0
87769000.0,93829000.0,97940000.0,103502000.0,114161000.0,120280000.0,163032000.0,132304000.0,131068000.0,139573000.0,149600000.0,155074000.0,160266000.0,162477000.0
68146000.0,69924621.0,71600868.0,76999811.0,80310914.0,79758552.0,83519298.0,78628886.0,88027025.0,86890030.0,89048477.0,89015764.0,95107522.0,96506345.0
9245562.0,9844168.0,10322597.0,10705061.0,11612832.0,12246682.0,17263655.0,14224397.0,14639635.0,15326905.0,15984126.0,16815605.0,17868817.0,17767390.0
30887995.0,32011725.0,34055626.0,35238722.0,40163726.0,42079139.0,44575275.0,46690495.0,46822322.0,48587207.0,50570007.0,50549481.0,51229491.0,53337314.0
65773005.0,66173066.0,73643450.0,77583732.0,84271051.0,86893706.0,94663527.0,96336567.0,102371249.0,108169179.0,113131404.0,115994712.0,121252479.0,125459324.0
32113693.0,34151826.0,35425761.0,37724952.0,42346604.0,45250664.0,61482749.0,51564577.0,54093101.0,54344069.0,55269575.0,58303580.0,60950236.0,61943559.0
8869279.0,9132610.0,9539570.0,10034510.0,6966782.0,11052362.0,13651672.0,11500140.0,11643506.0,12108577.0,12568247.0,12924389.0,12886316.0,12994977.0
42106018.0,46051943.0,47889668.0,53004623.0,58326713.0,63652774.0,69063730.0,73939700.0,75499566.0,74243675.0,80058760.0,82539363.0,85352764.0,86677283.0
16499732.0,17052061.0,17091385.0,17371286.0,18753486.0,20122893.0,25179170.0,21968931.0,20374906.0,20951073.0,20783947.0,20997178.0,21815738.0,21792130.0
33281590.0,33991240.0,35688182.0,36405389.0,39203252.0,40765620.0,56086495.0,44548083.0,41047613.0,41599963.0,47650608.0,48653356.0,49414612.0,48972918.0
44563481.0,47770517.0,50267028.0,52661871.0,55393395.0,57431966.0,61406479.0,63321537.0,63097716.0,64675805.0,67390801.0,68251357.0,70387913.0,72051878.0
18669715.0,19646557.0,20200219.0,21545344.0,23516067.0,25875202.0,34638721.0,28780888.0,29433589.0,29185597.0,30503362.0,31350999.0,32609424.0,32258906.0
25199011.0,25797261.0,26622902.0,27511025.0,30421362.0,31757375.0,42421162.0,34412326.0,32891047.0,32768203.0,35565637.0,36419835.0,37034923.0,37739030.0
19017189.0,17933177.0,20106541.0,20723062.0,10894473.0,23607817.0,13105467.0,25361808.0,25751808.0,25758313.0,26627017.0,26719822.0,27642754.0,28571588.0
13342048.0,14162591.0,15215225.0,15812232.0,16856778.0,18062439.0,19155840.0,19489236.0,19655602.0,19655602.0,20480193.0,20965425.0,22010784.0,22021433.0
11270616.0,11939482.0,12408737.0,12801860.0,14177086.0,14730956.0,15595390.0,16072398.0,16248453.0,16265285.0,16588443.0,16844128.0,17459851.0,17492430.0
6448333.0,7156978.0,7536333.0,8381319.0,9136118.0,9291904.0,10741358.0,9920656.0,9691506.0,9885945.0,10178489.0,10532064.0,11010158.0,10654609.0
42485212.0,43085986.0,45924355.0,48862080.0,50489528.0,52816370.0,63057989.0,57203675.0,57010349.0,60091435.0,60374860.0,65544136.0,63866446.0,63610501.0
9451222.0,10136243.0,10480122.0,11048897.0,12110482.0,12888049.0,15206197.0,13579707.0,13627610.0,13992024.0,13933046.0,14635662.0,14457564.0,14704766.0
45048182.0,48985655.0,51606923.0,53705866.0,57587759.0,60098481.0,76896853.0,66917304.0,67761526.0,69814606.0,77584466.0,77657612.0,81014128.0,83241864.0
7893997.0,8340901.0,8524077.0,8702843.0,9053646.0,9682000.0,11040510.0,10467390.0,10307196.0,10396219.0,10524397.0,10874884.0,11429152.0,11590983.0
12561598.0,12442180.0,13277277.0,14478449.0,15144204.0,16157980.0,16677796.0,17866375.0,17924817.0,17955715.0,18881175.0,19243334.0,19597961.0,20837294.0
49246251.0,50443804.0,50509814.0,54267876.0,58791912.0,62204634.0,75715807.0,67323986.0,67177138.0,69306749.0,73665280.0,74962416.0,78995047.0,80585094.0
13183641.0,13792258.0,14593807.0,15228435.0,16420767.0,17747299.0,19329336.0,20058750.0,20327253.0,20507631.0,20977192.0,21122240.0,21893677.0,22615263.0
43578771.0,46132958.0,48639540.0,50062478.0,54323509.0,56162029.0,68162769.0,61580957.0,61239489.0,63286545.0,65588401.0,68400169.0,71144751.0,71522070.0
7281184.0,8009713.0,8208449.0,8266713.0,8646722.0,9050967.0,9511953.0,9385525.0,9261747.0,9091988.0,9229588.0,9186972.0,9392750.0,9440115.0
48251731.0,51865126.0,55640770.0,56551482.0,61313204.0,65006619.0,74679206.0,71609515.0,73112393.0,74056909.0,79905303.0,78697140.0,81835486.0,83823740.0
12825831.0,13512816.0,14017184.0,14517506.0,15671574.0,15920098.0,20232287.0,17958931.0,17989519.0,18127707.0,18821439.0,19323732.0,19767942.0,20393142.0
5631476.0,5839329.0,5475195.0,5758313.0,6400713.0,7035994.0,7023940.0,7588499.0,7345993.0,7510118.0,7477622.0,7939442.0,8101182.0,8296328.0
65514491.0,68388128.0,71758502.0,74789013.0,78220952.0,81058201.0,97788733.0,84909147.0,88349320.0,90797169.0,95394689.0,98778997.0,100416471.0,100724891.0
410632254.0,403400834.0,432983647.0,447886784.0,460218044.0,461485340.0,483962220.0,486192767.0,467902163.0,500020343.0,529381169.0,539766185.0,549445907.0,552219478.0
4903248.0,5187317.0,5428377.0,5773134.0,5813607.0,6247824.0,6520229.0,6873488.0,6597324.0,6960084.0,7168165.0,7143511.0,7182726.0,7113991.0
111396000.0,113830000.0,113824000.0,119752000.0,129163000.0,137236000.0,174452000.0,151100000.0,146669000.0,149239000.0,156356000.0,152601000.0,158025000.0,191703769.0
38185351.0,39042281.0,41267936.0,42722371.0,47965155.0,49477593.0,62744929.0,54026825.0,53001704.0,55839865.0,59127889.0,61276316.0,63289023.0,64263883.0
15385848.0,16111692.0,16730023.0,17338939.0,18479964.0,19307863.0,20187180.0,20776863.0,21151675.0,20941976.0,21370443.0,22005377.0,22696276.0,23138978.0
18888215.0,20258067.0,21266400.0,22685950.0,25568820.0,25892422.0,27007466.0,29405137.0,29183629.0,30426135.0,30755494.0,30138002.0,31589407.0,33395370.0
3353301.0,3708087.0,3898238.0,3844072.0,4150641.0,4317152.0,4604123.0,4123159.0,4127686.0,4220693.0,4612243.0,4609892.0,4507443.0,4803716.0
10761080.0,11340201.0,11568917.0,11979503.0,12704647.0,13141467.0,15600986.0,13880643.0,13742249.0,13757511.0,14022624.0,14731873.0,15042817.0,15229053.0
22056051.0,23065607.0,24641017.0,26176446.0,28742911.0,30586090.0,39021107.0,33899533.0,33633334.0,34719667.0,35791201.0,35749286.0,36550907.0,37484596.0
5738704.0,5891939.0,5961035.0,6261316.0,6446394.0,6958950.0,7256578.0,7616724.0,7679833.0,7533079.0,7153357.0,7555898.0,8019549.0,8075534.0
74308256.0,76768113.0,78953381.0,80361312.0,85899413.0,89655280.0,92083761.0,96814093.0,96899377.0,100566833.0,103981303.0,104445838.0,107397596.0,110553307.0
8283780.0,8677565.0,9492995.0,10543296.0,10669734.0,11059627.0,11599729.0,11700744.0,12121077.0,12322991.0,12274609.0,12406318.0,12163571.0,12409189.0
31810720.0,33266158.0,34113645.0,35670346.0,38486345.0,40274853.0,50693984.0,44394439.0,44826157.0,46019910.0,48147882.0,48662198.0,49447666.0,50186309.0
35210022.0,38837714.0,40446903.0,41018422.0,44417907.0,47439990.0,48907109.0,50028793.0,48643210.0,50149192.0,53324825.0,53462248.0,56825708.0,56554639.0
3947045.0,4110985.0,4280413.0,4493287.0,4650904.0,4914337.0,5691561.0,5488981.0,5349388.0,5598043.0,5616622.0,5502576.0,5536545.0,5800842.0
11119107.0,11630645.0,12260206.0,12966638.0,14002472.0,15012892.0,18534201.0,16316545.0,15457273.0,15158568.0,15746747.0,15652886.0,16390351.0,16306516.0
4182627.0,4476644.0,4608620.0,5024292.0,5317885.0,5577677.0,6346657.0,5923353.0,5981198.0,5774182.0,5911165.0,6067883.0,6134907.0,6140432.0
25848440.0,26831718.0,28366808.0,29778177.0,32051739.0,33062631.0,42051173.0,37652013.0,36418782.0,37502062.0,39287534.0,40107857.0,41570012.0,41839606.0
27061703.0,29093073.0,30523144.0,33281783.0,36345636.0,38354384.0,47045789.0,42828472.0,42786330.0,43732539.0,45433565.0,45608033.0,46709360.0,48642425.0
146199834.0,152969405.0,160649709.0,166837706.0,177260361.0,181531008.0,203282937.0,208343359.0,209804077.0,215554633.0,226562781.0,233930911.0,239563620.0,246091312.0
66910988.0,69933380.0,74780079.0,79593554.0,90251706.0,93516587.0,121408510.0,108105979.0,111849775.0,116552529.0,123251530.0,128079499.0,136227867.0,140842202.0
10651407.0,11572569.0,12346563.0,13181324.0,13701889.0,14264379.0,14801779.0,15024146.0,14298261.0,14552244.0,15754287.0,16031505.0,16370102.0,16123129.0
26346579.0,27781026.0,30184252.0,32033007.0,36222773.0,36042200.0,40071458.0,38788369.0,36330768.0,38455683.0,39144181.0,41830842.0,42217547.0,44373819.0
19592401.0,23393078.0,21286246.0,21611661.0,22716799.0,23682700.0,24644737.0,25741964.0,25148721.0,26047849.0,26906651.0,28647477.0,28522849.0,28814958.0
11587724.0,12766725.0,13613879.0,14185618.0,14873059.0,15409229.0,16444319.0,16761772.0,17706634.0,17601413.0,17748836.0,18429255.0,19339421.0,20203806.0
19475659.0,20746610.0,20972963.0,21941822.0,23429804.0,24393212.0,31490544.0,28743249.0,27501491.0,27768468.0,29009622.0,29630539.0,29854398.0,29892651.0
26730208.0,27701528.0,28040536.0,29690881.0,32324339.0,33362018.0,42760007.0,37454881.0,38114208.0,39364965.0,39279217.0,40296351.0,41825453.0,42235837.0
123214000.0,128238000.0,134679000.0,142622000.0,150591000.0,155519000.0,185074000.0,167008000.0,158135000.0,163839000.0,176696000.0,184226000.0,191356000.0,194419000.0
63398257.0,66904292.0,68124851.0,75560188.0,77845635.0,75931383.0,88415684.0,83239586.0,78565834.0,82669847.0,89129239.0,89279677.0,90657600.0,91461789.0
43246820.0,44877706.0,47463387.0,50530574.0,54048574.0,58573457.0,60748487.0,63330214.0,62157649.0,63828394.0,65819678.0,67354822.0,69302917.0,73155424.0
21689932.0,23505376.0,24058122.0,25859174.0,27323233.0,28697564.0,35701976.0,33646257.0,31904255.0,33202434.0,34054890.0,35466465.0,36132209.0,36244697.0
3993308.0,4232876.0,3916881.0,4134680.0,4457496.0,4528963.0,4663173.0,4944019.0,4827580.0,4906189.0,4929004.0,5185600.0,5036794.0,5101516.0
23302304.0,26303614.0,26966186.0,29583467.0,32425947.0,35272280.0,42012378.0,39675403.0,40074675.0,40806338.0,41656388.0,41619023.0,42503602.0,42821976.0
30492889.0,31842970.0,34423122.0,36184847.0,38752992.0,41909665.0,52308852.0,45787297.0,46382613.0,48405040.0,48844182.0,51367487.0,53063124.0,55488141.0
88397124.0,93770131.0,97333019.0,98609000.0,106786000.0,109212000.0,135155000.0,112676000.0,115746000.0,124177000.0,125862000.0,129562000.0,133799000.0,134323000.0
12590106.0,13605209.0,14759072.0,16925962.0,16993352.0,18288811.0,20610558.0,20174179.0,20544950.0,21114496.0,21983190.0,22626816.0,23383146.0,23508785.0
155345000.0,168177000.0,182204000.0,194835000.0,206807000.0,220202000.0,263366000.0,249409000.0,253636000.0,259867000.0,275517000.0,284550000.0,293325000.0,297097000.0
61665091.0,66404401.0,70692094.0,72385073.0,77094182.0,81067666.0,99064635.0,85738464.0,85526004.0,87941436.0,92680715.0,94607047.0,96586390.0,95875482.0
4966761.0,5098442.0,5261364.0,5032431.0,5573890.0,5627253.0,6826905.0,6216395.0,5959112.0,5861078.0,6116532.0,6060349.0,6200049.0,6306382.0
86281400.0,92571252.0,96727632.0,103355704.0,113714690.0,121404912.0,153102764.0,135567883.0,138708507.0,141474844.0,147400481.0,148204491.0,153504862.0,154714285.0
6533756.0,7156861.0,7319958.0,7731656.0,7919320.0,8393706.0,8744034.0,9110539.0,9234981.0,9396418.0,9506014.0,9477274.0,9891901.0,9834203.0
26024254.0,28921838.0,30314912.0,31277755.0,34099735.0,35687937.0,46089174.0,40365278.0,40862233.0,40661659.0,43678546.0,41797578.0,43362672.0,43675820.0
231977627.0,242124998.0,254294378.0,257564674.0,275793442.0,285545060.0,348428881.0,317582673.0,297273862.0,323723671.0,344600243.0,354556928.0,369009698.0,387494702.0
34729341.0,26248638.0,26114245.0,26140708.0,28358648.0,28677666.0,34721710.0,32659327.0,32806750.0,31980597.0,31928739.0,32870946.0,33672866.0,33408239.0
93349412.0,97307704.0,96376439.0,100342323.0,106974732.0,110445210.0,136594450.0,120261431.0,123236612.0,122663093.0,123131899.0,124486818.0,126270189.0,127206076.0
11445773.0,11348562.0,11701467.0,12346699.0,12914165.0,14008697.0,14053487.0,15099171.0,15359703.0,16225375.0,15302629.0,16118947.0,16239533.0,16487058.0
55418963.0,57814213.0,59962243.0,61683501.0,65252424.0,69752192.0,87349815.0,78103537.0,78555472.0,80546758.0,85428902.0,87898715.0,91998772.0,94273237.0
19751898.0,19392836.0,18007262.0,20697746.0,21503293.0,22939650.0,24760188.0,27127440.0,25522195.0,25529825.0,26233913.0,26988443.0,27405281.0,28813439.0
125117141.0,129931653.0,137165920.0,143472236.0,155775358.0,168389550.0,176573319.0,182082330.0,181852150.0,184639339.0,189196483.0,201069301.0,207944664.0,208005986.0
4831110.0,4860160.0,4840090.0,4779353.0,5547107.0,5186082.0,5311265.0,5406318.0,5417232.0,5473763.0,5527377.0,5618093.0,6236274.0,5576130.0
423442000.0,410870000.0,414446000.0,434927000.0,451342000.0,475892000.0,577562000.0,512114000.0,506731000.0,523968000.0,532626000.0,521577000.0,554418000.0,571021000.0
5006466.0,5281859.0,5317115.0,5756593.0,6281214.0,6309864.0,6893995.0,6844653.0,6098910.0,5947116.0,6176394.0,6330475.0,6674691.0,6687675.0
11645213.0,12303483.0,12856643.0,14163616.0,13398705.0,13992422.0,14789592.0,16585376.0,17571596.0,15837359.0,16326782.0,17194063.0,17099670.0,17870601.0
20451152.0,21891003.0,23429498.0,24947518.0,27225749.0,28441273.0,30424142.0,32299241.0,33187608.0,34628340.0,34800837.0,35823966.0,35791811.0,36793268.0
6446402.0,7589804.0,7801803.0,8188561.0,8670783.0,9186509.0,10455070.0,9800316.0,9745923.0,9680321.0,10179641.0,10476076.0,10871821.0,11034950.0
31855662.0,35416505.0,36374121.0,37819598.0,40400842.0,44505653.0,56995219.0,50128782.0,50481708.0,48523701.0,53660123.0,54632300.0,57530100.0,57315683.0
14177976.0,15190736.0,15906832.0,17404403.0,21232331.0,21773204.0,19271558.0,19292642.0,19844579.0,19871639.0,20730259.0,20384796.0,19642409.0,20523836.0
16296451.0,16483574.0,16982757.0,17474071.0,18605688.0,19768254.0,25859996.0,21761312.0,22285416.0,22821605.0,22618116.0,22374399.0,23380957.0,23551201.0
36182790.0,37456147.0,39905806.0,40496596.0,43318138.0,44498427.0,54014970.0,48893105.0,49061088.0,48377905.0,50359063.0,50964858.0,53024775.0,55830635.0
13777304.0,13928162.0,14420544.0,10390342.0,11011749.0,11908850.0,11933664.0,12675044.0,12116688.0,12107313.0,13596314.0,13185087.0,14244621.0,14124944.0
18578912.0,19358596.0,20103726.0,20794000.0,23300000.0,24519000.0,30948000.0,26518000.0,26481000.0,27192000.0,27908000.0,28631000.0,29594000.0,29852000.0
5107882.0,5832999.0,6210725.0,6782972.0,7801698.0,7739746.0,8541047.0,8447528.0,8304933.0,8863808.0,8665051.0,8247393.0,11963446.0,11281175.0
44997877.0,45808593.0,49113235.0,53952998.0,55896887.0,58833014.0,75118956.0,67823753.0,69787527.0,71450711.0,73215766.0,75756559.0,77272033.0,78116237.0
112573000.0,117505000.0,122478000.0,126142000.0,135979000.0,145401000.0,178611000.0,162038000.0,158275000.0,160915000.0,170786000.0,172113000.0,177343000.0,183419000.0
30230273.0,30905145.0,32493754.0,34473323.0,38006912.0,38893733.0,45163427.0,43573818.0,41586927.0,42349335.0,44580373.0,44740096.0,46235278.0,46403838.0
13207945.0,14060133.0,15043211.0,15990350.0,18008023.0,19197623.0,22433047.0,20870606.0,20701320.0,21266675.0,21707628.0,21755631.0,22665709.0,22830803.0
141400431.0,147950414.0,157219119.0,160618455.0,167040866.0,176660066.0,211332506.0,183559446.0,176004847.0,180116507.0,193275571.0,196901495.0,195099576.0,200765068.0
18091471.0,19186377.0,19436785.0,21087822.0,22900502.0,26809715.0,26495178.0,25867598.0,26796943.0,27196180.0,28401295.0,28622563.0,29870464.0,29867092.0
9828112.0,10299328.0,10939752.0,11632854.0,12081422.0,12672058.0,13291203.0,14120404.0,13699867.0,14565313.0,14882229.0,15320258.0,17792694.0,16345910.0
80281000.0,86141000.0,89577000.0,92085000.0,100403000.0,106118000.0,131652000.0,119054000.0,117250000.0,120923000.0,123518000.0,127080000.0,132429000.0,135279000.0
126769000.0,133616000.0,137883000.0,145724000.0,154102000.0,161842000.0,199076000.0,176771000.0,176451000.0,180806000.0,192821000.0,195604000.0,203755000.0,203465000.0
50673349.0,52988401.0,55469401.0,58715160.0,63647780.0,67069237.0,86719803.0,73747099.0,74819797.0,77756260.0,79974017.0,80866080.0,88666632.0,84446203.0
41651268.0,43925563.0,45743048.0,45930598.0,49622329.0,53475367.0,58737124.0,58746734.0,57617236.0,58726270.0,57750668.0,59823348.0,60331560.0,61078513.0
6036996.0,6297018.0,6682198.0,6967600.0,7381020.0,7769597.0,7800124.0,8030378.0,7866630.0,7900391.0,8052492.0,8334575.0,8296784.0,8535398.0
73248145.0,77780292.0,132880744.0,85501598.0,90112701.0,95317043.0,115505108.0,105257094.0,99723011.0,98635533.0,105891700.0,107811139.0,112695401.0,114145415.0
149583000.0,158684000.0,169128000.0,172930000.0,181618000.0,180101000.0,221139000.0,190516000.0,188565000.0,215871000.0,241343000.0,235242000.0,249193000.0,228633000.0
73846655.0,80816377.0,85773689.0,91317970.0,98863047.0,106085357.0,115635545.0,119841324.0,118721020.0,125237128.0,128498109.0,134536253.0,140102256.0,145372135.0
34737993.0,36353839.0,38042396.0,39378752.0,41655643.0,42808477.0,44781589.0,46158286.0,47104937.0,49204303.0,52193922.0,52946586.0,54192123.0,54865530.0
15318698.0,16418998.0,17141404.0,17900059.0,22539477.0,19162250.0,23410864.0,21935713.0,21313898.0,21983802.0,21834518.0,22713564.0,23191070.0,23739666.0
352124776.0,361934516.0,367687157.0,383848540.0,411683158.0,434342544.0,522068999.0,473037191.0,479433769.0,490946113.0,512434181.0,523999580.0,524264354.0,548208785.0
69589525.0,69833464.0,70422249.0,74132979.0,73812814.0,75873391.0,92100343.0,82666423.0,79132258.0,81326794.0,87324773.0,79010494.0,80594946.0,82547534.0
72485187.0,72118088.0,76169440.0,77781406.0,82906975.0,87640322.0,106481971.0,92175246.0,91382527.0,94352765.0,98840403.0,96339337.0,101009990.0,103381849.0
62982824.0,66951000.0,71254000.0,74767000.0,80046000.0,84109000.0,104668000.0,91893000.0,94743000.0,96940000.0,103536000.0,104586000.0,108305000.0,110250000.0
71213489.0,75553671.0,80044499.0,85342017.0,91146093.0,96257409.0,113912602.0,107654257.0,106501309.0,108189425.0,110779170.0,111568800.0,118493278.0,118441432.0
5351851.0,5488979.0,5486877.0,5741845.0,6206979.0,6758455.0,7362981.0,7583193.0,6897848.0,7240502.0,7494291.0,7670127.0,7726580.0,7913580.0
32375512.0,34404166.0,34725356.0,35668067.0,38424722.0,40327046.0,49911141.0,45005307.0,46830180.0,47833961.0,50011604.0,49790265.0,51408323.0,51544051.0
7927470.0,7980645.0,8225040.0,8702685.0,8752643.0,9265032.0,11035855.0,10502450.0,10228825.0,10724185.0,10491014.0,10795071.0,11241840.0,11968568.0
62161677.0,65474891.0,67927155.0,69627962.0,72925487.0,74416364.0,80742492.0,83535922.0,82807862.0,86787354.0,89172255.0,90008560.0,94428364.0,95753027.0
14201588.0,14449639.0,14845046.0,15673422.0,16853403.0,17483787.0,17127392.0,18133071.0,17679149.0,18714859.0,18999983.0,19440204.0,19006589.0,18753263.0
208053161.0,213611604.0,214869382.0,227594856.0,250411344.0,259410031.0,274180539.0,286727133.0,287177972.0,293972793.0,306355382.0,316805003.0,331825440.0,342818203.0
84345437.0,85333132.0,86024400.0,89766000.0,93867000.0,98887000.0,115567000.0,106736000.0,101953000.0,104971000.0,110308000.0,116624000.0,121158000.0,121420000.0
20169325.0,22036505.0,23472514.0,24875045.0,26127584.0,27682582.0,28218143.0,30022793.0,30064577.0,30551341.0,31229689.0,32446939.0,32434342.0,32856320.0
24611168.0,26271977.0,27339858.0,28987620.0,31046894.0,31959985.0,38466261.0,35751084.0,37216568.0,37982697.0,39309348.0,39840561.0,42349432.0,45473658.0
39482377.0,40540609.0,43720807.0,45201051.0,48846692.0,51279783.0,57784327.0,56044564.0,55753354.0,56938073.0,58478795.0,60756347.0,63084095.0,63611467.0
23191370.0,24089231.0,26217788.0,27217986.0,31332839.0,32469067.0,43884149.0,38788486.0,39275768.0,40704206.0,41125061.0,41671347.0,44767445.0,45592608.0
34346377.0,34489133.0,34191769.0,36116864.0,39869759.0,40729764.0,43847150.0,44480357.0,45722913.0,44908304.0,46512915.0,46602904.0,48488109.0,50158986.0
38949850.0,42547135.0,43074014.0,44630571.0,47330344.0,49049799.0,60954478.0,53388947.0,53489265.0,54073431.0,56024576.0,55833221.0,57488462.0,58041116.0
27621121.0,29460121.0,30905377.0,31972553.0,33934046.0,35077296.0,41305778.0,38157610.0,38802615.0,38916836.0,39823123.0,39027138.0,41549134.0,
8025561.0,8136728.0,9414619.0,9460601.0,10020126.0,10434376.0,10745935.0,11283773.0,11397839.0,11659752.0,11862998.0,12079037.0,12804637.0,13288985.0
20025024.0,21134542.0,22080838.0,23383007.0,25764994.0,27070687.0,32141378.0,28747499.0,28410977.0,29700818.0,30324126.0,30640365.0,31489904.0,31991474.0
10421121.0,10628542.0,10411135.0,11189544.0,12979722.0,13661236.0,13968599.0,14704253.0,14285962.0,14512059.0,14767062.0,14884066.0,15917645.0,15479315.0
19586069.0,20617892.0,20563042.0,21820753.0,23624779.0,24549847.0,25723150.0,26499110.0,26706376.0,27911884.0,27902473.0,28080535.0,29373789.0,31331634.0
17474234.0,18169123.0,17517145.0,17786250.0,18788622.0,20037564.0,25850769.0,21489950.0,21166809.0,22259882.0,22424597.0,23159694.0,23898515.0,23676638.0
28395096.0,31790548.0,32484882.0,34369430.0,36729526.0,39796728.0,46944272.0,43598328.0,44258962.0,45327300.0,47591281.0,48946331.0,50114162.0,49765977.0
75074025.0,84524163.0,95874476.0,102023235.0,107834966.0,112246691.0,140385235.0,124220117.0,125870767.0,126947323.0,131454232.0,134882642.0,138504979.0,142523343.0
39894962.0,42514537.0,43710648.0,46402952.0,49949841.0,53479297.0,65829456.0,58530204.0,59106552.0,60668299.0,63275595.0,65778294.0,67982450.0,70463669.0
6337386.0,6539921.0,7113669.0,7510763.0,7782906.0,8009540.0,8002119.0,8669252.0,8547302.0,8728624.0,9055615.0,9324683.0,9352838.0,9573112.0
10404338.0,10973560.0,11273931.0,11294635.0,12492040.0,13597184.0,15389756.0,13877414.0,13209390.0,13861516.0,13462152.0,14346294.0,14458144.0,14996162.0
9203579.0,9646865.0,9760450.0,10166450.0,10401999.0,11296703.0,12603187.0,11853652.0,11954884.0,12451321.0,12847942.0,12028880.0,12305026.0,12767388.0
4208178.0,4183439.0,4228552.0,4740193.0,4962432.0,5253196.0,5266271.0,5594386.0,5205469.0,5525074.0,5908961.0,5778285.0,5905026.0,6125257.0
34074332.0,36752872.0,40959561.0,41815590.0,44991282.0,46666333.0,57465643.0,49610755.0,46906716.0,49296452.0,52790755.0,54186926.0,56557388.0,58132197.0
6659593.0,6939769.0,7481916.0,7897725.0,9335183.0,8169107.0,9711946.0,9564164.0,9444285.0,9654691.0,9845201.0,9473850.0,10404809.0,11265478.0
77741675.0,79868967.0,82486799.0,87289659.0,93410035.0,99450347.0,124476425.0,113136326.0,110391982.0,109376790.0,113998176.0,116942467.0,125754159.0,121963611.0
8402892.0,8862278.0,9698156.0,10283440.0,11041026.0,11669525.0,13531782.0,12426741.0,12116319.0,12373680.0,13028687.0,13351911.0,14044616.0,13918646.0
60616071.0,64012380.0,69263375.0,71273381.0,76206037.0,81312403.0,103332301.0,88833228.0,89509307.0,90649471.0,92466018.0,94110370.0,98275421.0,96237301.0
21620867.0,22096047.0,23259518.0,24070588.0,25567044.0,26459338.0,34447278.0,29876252.0,28617617.0,29633612.0,31331987.0,31132524.0,32073915.0,32544500.0
64003566.0,68118195.0,71565775.0,72847201.0,78397486.0,82803123.0,105951865.0,92825542.0,94489126.0,97249164.0,102212074.0,102134606.0,109559718.0,110313636.0
39046272.0,41139014.0,45424836.0,47954755.0,50553671.0,51918258.0,54258279.0,56175483.0,55975160.0,56859227.0,56404018.0,56260975.0,58232375.0,60351190.0
84358615.0,86633000.0,92820000.0,97047000.0,105473000.0,109658000.0,136700000.0,119058000.0,122003000.0,126114000.0,130549000.0,133470000.0,137030000.0,152888000.0
6310582.0,6629361.0,6776259.0,7697457.0,10343249.0,8585562.0,8769377.0,8588330.0,8558388.0,8736805.0,8957514.0,8819213.0,8907490.0,9339224.0
27328006.0,28496925.0,28893766.0,29645170.0,31760650.0,32673497.0,42023363.0,36821503.0,35649925.0,35711548.0,38026487.0,38795102.0,40918071.0,46938496.0
300891913.0,301371520.0,320104964.0,333873029.0,357732749.0,371990525.0,401138825.0,423539873.0,420758580.0,431930436.0,447832792.0,460093162.0,487288900.0,489227854.0
6313250.0,6846108.0,7358548.0,7851228.0,8057587.0,8965044.0,9728420.0,10533037.0,10405414.0,10396480.0,10481208.0,10926938.0,11108809.0,10916125.0
40206317.0,39904323.0,41885272.0,43496828.0,47192253.0,50228290.0,52669068.0,53794172.0,54774166.0,55504848.0,55888848.0,58758141.0,59798012.0,59860948.0
129218159.0,137512006.0,145604542.0,154712700.0,159806871.0,167950297.0,204140980.0,182124913.0,181584584.0,189284788.0,194705628.0,205502130.0,365413667.0,217337885.0
30558589.0,32525218.0,34794066.0,38108614.0,40560301.0,42178259.0,53106984.0,46026643.0,46572829.0,47795860.0,50360030.0,50784326.0,51756931.0,53814443.0
18227870.0,19035736.0,19673108.0,20387105.0,21746881.0,22939571.0,26508232.0,24149697.0,20728239.0,20760159.0,22120554.0,22471671.0,23090917.0,23088382.0
15684796.0,16181434.0,16956574.0,17863486.0,19236252.0,20261080.0,25570770.0,21990024.0,22008181.0,22827048.0,23380222.0,23918213.0,24374888.0,24853860.0
32518515.0,36750973.0,38503523.0,41952536.0,44555459.0,46262352.0,58659124.0,52396081.0,50435718.0,50992621.0,55470521.0,56171517.0,56693949.0,57475275.0
82232963.0,87598547.0,89844502.0,93543216.0,96984608.0,103154510.0,125772379.0,114473790.0,114943705.0,116200664.0,116282476.0,119412908.0,124999666.0,126043610.0
91973502.0,95629253.0,104297931.0,109057707.0,120594190.0,122669458.0,131771459.0,137607989.0,138959997.0,142427282.0,151312238.0,159978627.0,167026656.0,170497669.0
1600324.0,1699448.0,1788722.0,2214259.0,2029022.0,2520371.0,2349106.0,2458432.0,2508585.0,2583240.0,2780331.0,3043620.0,3116827.0,3316858.0
60587641.0,62015031.0,63371598.0,65533467.0,70296978.0,71698078.0,88455455.0,77334900.0,77434462.0,82667959.0,86360679.0,85040040.0,87511824.0,89124230.0
6266663.0,6293075.0,6262836.0,6714866.0,6979103.0,7246157.0,8623231.0,7900416.0,7633663.0,7434363.0,7870308.0,8319082.0,8784313.0,8581215.0
100006380.0,104397000.0,105407000.0,112838000.0,124215000.0,128074000.0,160666000.0,141043000.0,140254000.0,140892000.0,146359000.0,149505000.0,154671000.0,155959000.0
2869961.0,3115417.0,3555859.0,3759959.0,3734289.0,4035278.0,4159785.0,4335227.0,3984381.0,4536455.0,5390608.0,4737348.0,4787017.0,4959727.0
9397512.0,9862200.0,10284616.0,10823329.0,11396499.0,11906575.0,12529848.0,13066213.0,13210133.0,13338619.0,13505361.0,14270362.0,14237584.0,14869268.0
279020000.0,287522000.0,300816000.0,308047000.0,322515000.0,336988000.0,414341000.0,367926000.0,664097000.0,343602000.0,352294000.0,354378000.0,361140000.0,363755000.0
53069486.0,55326914.0,55807598.0,57103529.0,61524607.0,63050942.0,76935675.0,69339936.0,70883989.0,74299020.0,77674825.0,80891201.0,84450026.0,87502812.0
46137308.0,46580501.0,47756511.0,50136785.0,51384624.0,55252527.0,68595925.0,61554403.0,61369544.0,61826647.0,66627690.0,69222035.0,70189188.0,72303744.0
149255000.0,159014000.0,165513000.0,176018000.0,191359000.0,199798000.0,245789000.0,221117000.0,219403000.0,214638000.0,240694000.0,239506000.0,247243000.0,252551000.0
120007000.0,186334399.0,124708096.0,129104501.0,139255940.0,141123635.0,146474129.0,147230192.0,152104396.0,150604926.0,152755066.0,152919556.0,160520585.0,163679777.0
15709551.0,16591511.0,17268640.0,18601359.0,19730191.0,20688364.0,26475987.0,23971235.0,24872009.0,25649358.0,26485547.0,27298701.0,27625197.0,27732179.0
40300640.0,42492794.0,45525016.0,47990099.0,55580456.0,59057498.0,62281925.0,65983870.0,65285459.0,67765801.0,68499640.0,68553204.0,69483459.0,71968039.0
113681678.0,119574313.0,127653515.0,135982638.0,147213079.0,152833786.0,163860594.0,174587967.0,175554068.0,188478245.0,198483074.0,199630915.0,209039420.0,214113576.0
51998266.0,55679570.0,58011562.0,62163602.0,69235640.0,74275273.0,91598599.0,82591500.0,85563650.0,85862161.0,88005487.0,91182335.0,94348809.0,96644426.0
11497214.0,11878187.0,12136279.0,12734416.0,13457782.0,13910321.0,16996374.0,14791387.0,14922583.0,15653325.0,15893333.0,15982198.0,16186367.0,16658099.0
69017149.0,75754798.0,78694265.0,84191655.0,90285485.0,96941218.0,103936844.0,110184387.0,111247368.0,111339137.0,117996631.0,121593368.0,124496295.0,126675792.0
26332042.0,27681797.0,26610627.0,26962992.0,29724844.0,30297129.0,36211945.0,32425667.0,30903727.0,31777680.0,32408167.0,30635606.0,31948789.0,31775755.0
51031221.0,52328348.0,53856363.0,55098539.0,62118335.0,60678342.0,76713918.0,66554797.0,60998969.0,61669841.0,68361154.0,71290641.0,73014071.0,72795149.0
63116143.0,67495535.0,69635314.0,75420882.0,79685936.0,82718000.0,87829822.0,90874473.0,90314622.0,95022989.0,97913820.0,99812158.0,103214240.0,104783497.0
28613110.0,30218520.0,31220966.0,33209034.0,35682769.0,38546912.0,47992621.0,42777954.0,43238133.0,43287451.0,46367605.0,45682291.0,47993322.0,48109974.0
38637947.0,40563587.0,42422316.0,42636385.0,45892709.0,47993366.0,60018910.0,52520970.0,49988434.0,49783277.0,52733796.0,53464093.0,55048933.0,56250554.0
29398690.0,32070931.0,32349376.0,33222894.0,35460772.0,36694613.0,39287214.0,39790388.0,40924905.0,41818336.0,42921725.0,45151880.0,45242923.0,45982860.0
19037034.0,20446117.0,21679617.0,22822993.0,24068468.0,25374222.0,27451025.0,28945127.0,27793516.0,27933075.0,28960378.0,29995412.0,31246280.0,30915371.0
15630018.0,16089771.0,16623510.0,17326217.0,18859422.0,19370129.0,20812017.0,21118321.0,21870342.0,21447552.0,22355802.0,22445333.0,22743102.0,22968391.0
