Municipality,2002,2003,2004,2005,2006,2007,2008,2009,2010,2011,2012,2013,2014,2015
ANDOVER,0.291492941451,0.273381012348,0.275906544038,0.297230977133,0.285037241439,0.234492445597,0.338902326498,0.261485188807,0.234091513604,0.244637425727,0.271313446119,0.26815470226,0.272650901084,0.273475585623
ANSONIA,0.469745175697,0.439185728582,0.444651860607,0.462929605811,0.465956114343,0.456172959362,0.516864839142,0.452213063509,0.457958806072,0.456481350074,0.444020995262,0.4568920473,0.420332767491,0.4182224047
ASHFORD,0.384464657301,0.380660882683,0.356950483733,0.3352797568,0.34643968487,0.345713088315,0.430597611774,0.358649508482,0.363561855805,0.350866932943,0.355038502233,0.339118901049,0.340772129159,0.335084973598
AVON,0.0661276634693,0.0581297822284,0.0525322762976,0.0536320697182,0.0713082918554,0.0683927912839,0.230412911592,0.0827400727016,0.0799999111974,0.0780773262021,0.132213596206,0.104641583027,0.121833038313,0.110742916281
BARKHAMSTED,0.224287044104,0.205168933584,0.184362648862,0.176183025592,0.181969854917,0.172646238037,0.263071574374,0.20476588968,0.198311852618,0.195555995647,0.198199721206,0.199186995525,0.193075013603,0.187303394591
BEACON FALLS,0.303493284083,0.268945820261,0.274373434287,0.263718680814,0.261958698027,0.254769888505,0.265987905178,0.251819595757,0.249690699581,0.211231575934,0.235532473878,0.227004364287,0.229703726622,0.218617783979
BERLIN,0.147259929861,0.145710994896,0.140134699921,0.133318334414,0.149358972485,0.144980141333,0.287064337757,0.172704569145,0.167084489299,0.161521090506,0.177091201535,0.167764283578,0.168204529337,0.154246475478
BETHANY,0.154117336216,0.142442219742,0.134677350671,0.140298205349,0.120642796036,0.116426189435,0.147249313488,0.155405849366,0.157606917975,0.147032971103,0.15155501161,0.155827432998,0.152659028242,0.144166988475
BETHEL,0.22487565646,0.20655951597,0.191143573005,0.185352302033,0.191037967863,0.182834345833,0.28002875947,0.201783626382,0.183447334807,0.178975248439,0.190711272289,0.189053341092,0.194905057479,0.179749583639
BETHLEHEM,0.188798159329,0.168088906329,0.146479976581,0.163341149128,0.155526380093,0.149909078988,0.142749198649,0.158320136982,0.129146416003,0.132429066637,0.147519198544,0.168031065283,0.162110742828,0.168740448207
BLOOMFIELD,0.135870069877,0.112479894679,0.112591397911,0.127178025721,0.142467668114,0.134005455114,0.213694332037,0.150860078997,0.138273361598,0.130618918311,0.150137306741,0.168635612912,0.136306930777,0.123821032559
BOLTON,0.279862991933,0.301163391379,0.259559119983,0.245707515182,0.248714013549,0.242470221314,0.372228824208,0.25569577904,0.245900563624,0.237209204113,0.253024314684,0.241989593451,0.236439216974,0.239958519208
BOZRAH,0.418738524606,0.369435929796,0.282583707002,0.321775676872,0.310321947584,0.310819810621,0.294607554208,0.315760016609,0.282231929064,0.286780506964,0.281203420508,0.271621185481,0.287604468663,0.25526558841
BRANFORD,0.0845837505827,0.0754278925445,0.0712047965504,0.0672978830143,0.0806506806218,0.0809326350932,0.215032458486,0.0904386914304,0.0870314028863,0.0848814980325,0.0986233203996,0.0952926862653,0.0974768436041,0.0787933112711
BRIDGEPORT,0.499032573778,0.478257226606,0.464355269209,0.446522772367,0.434733764344,0.441181819579,0.451309102909,0.442600842369,0.392037043417,0.414889873701,0.440933221822,0.434112327048,0.434943637578,0.421270986005
BRIDGEWATER,0.0271738679292,0.0327641930139,0.0314489750099,0.0300675987488,0.0312786956648,0.0272617616218,0.0287243487795,0.029915928917,0.0234302411196,0.0272183219416,0.0258075544997,0.0425294564058,0.0256707534953,0.0270222401506
BRISTOL,0.367401448365,0.350409079724,0.321415845959,0.305255198994,0.32268126907,0.322895677903,0.440047423425,0.345696544427,0.338347046212,0.329382441934,0.350910753513,0.33051003687,0.327953244708,0.324856157776
BROOKFIELD,0.0856884622453,0.0691790544638,0.0679052436547,0.06325384735,0.0793863189801,0.0816343298727,0.23864655148,0.104857609189,0.0919736900989,0.0895552097356,0.113354425356,0.106669518036,0.110186061893,0.103786561335
BROOKLYN,0.510411032526,0.498907140004,0.448852202635,0.431057739882,0.415283248908,0.400242433772,0.407850355364,0.404050346439,0.402691256706,0.426357509874,0.440050152807,0.425495038206,0.425730578502,0.419861382396
BURLINGTON,0.184059684806,0.175134885756,0.16227773663,0.15725733053,0.163001675807,0.149332130835,0.170804794924,0.159616475318,0.158415240834,0.163433089998,0.163086921777,0.157946252472,0.155661582506,0.179175531674
CANAAN,0.168140424221,0.160231321358,0.148061252699,0.150006382465,0.117972138815,0.151832507518,0.229561241284,0.138007189239,0.138091877897,0.138596255942,0.145740929009,0.14567216273,0.172988773603,0.176014203045
CANTERBURY,0.509922695155,0.483793875487,0.433130852474,0.437958291607,0.446700928331,0.439033276375,0.507912325585,0.451361391843,0.428937985664,0.420091269677,0.427347601997,0.446613066625,0.426782786566,0.420980459084
CANTON,0.161110311313,0.15413661677,0.132261438998,0.131172782554,0.148239069072,0.136105819295,0.267816813024,0.162702012681,0.155074883818,0.155877889487,0.192121531597,0.168917984064,0.171843789552,0.179731984752
CHAPLIN,0.483231381663,0.433571480859,0.376156029994,0.36848242591,0.357588429632,0.368513168278,0.357333945779,0.361169566972,0.34240505939,0.333289500659,0.333865965463,0.32471738698,0.341077843022,0.34248711291
CHESHIRE,0.209535051833,0.189355633436,0.178530178199,0.185125458383,0.203594242624,0.213705512099,0.22782090862,0.23413964562,0.215684466082,0.215352404445,0.232808100511,0.225462811619,0.229025053254,0.233764227005
CHESTER,0.215153386402,0.12518070673,0.108897188538,0.0979230917159,0.100317864967,0.0990607831119,0.108968901269,0.116314625541,0.10629355277,0.0953814264234,0.0964401505616,0.110452606317,0.108523068155,0.109866640638
CLINTON,0.249277687913,0.233060879038,0.218548778557,0.212604731639,0.229561269723,0.218711710512,0.341055353659,0.218792491006,0.213402024948,0.21070939434,0.234781290961,0.227580118247,0.230109602617,0.212467678095
COLCHESTER,0.394412168545,0.376111344526,0.362165390012,0.352452792238,0.363152507717,0.354195735077,0.37617681828,0.374735244905,0.343410118458,0.332005815585,0.35718429456,0.351424241376,0.343434019353,0.335619004138
COLEBROOK,0.133896750106,0.132412119677,0.122685283176,0.129521391256,0.140250656625,0.149892429083,0.225661711203,0.161310373578,0.153917961428,0.173861279188,0.167980871856,0.149953265031,0.160454980881,0.161007013277
COLUMBIA,0.263981448645,0.280175643926,0.243064484896,0.224235651949,0.241798822884,0.235180494674,0.365573819551,0.276113196259,0.252873672479,0.217047916132,0.249879811905,0.235195692312,0.260453350797,0.281795779402
CORNWALL,0.108713043263,0.0866788070858,0.0616209875013,0.0915989566712,0.0862780681475,0.08769358817,0.179913819385,0.0991181480964,0.107105170849,0.0844561173012,0.151278816907,0.144290565479,0.109521300368,0.0925138373248
COVENTRY,0.359362600778,0.344803472183,0.317562719512,0.310329368104,0.315828365782,0.297505046128,0.427020758674,0.33404080852,0.301371230748,0.292127759351,0.319270904935,0.314859887594,0.314284132422,0.298702901134
CROMWELL,0.1691757988,0.154722190233,0.136886570257,0.128920402632,0.144261923866,0.135633816234,0.277291905247,0.156430187141,0.141711668165,0.13763778683,0.160208512815,0.158995330597,0.164854169832,0.167453012949
DANBURY,0.198841547396,0.189624456738,0.189430112386,0.180266349289,0.198365363524,0.195703633083,0.216444164007,0.211155429222,0.198865021096,0.192309302434,0.209355271874,0.196445007137,0.191594034469,0.196012672912
DARIEN,0.0610892894128,0.0597220606136,0.0542026417845,0.053381703369,0.0735915433483,0.0800669630463,0.23383094842,0.0982998830751,0.0900373096062,0.0975104585928,0.105805479557,0.101792875578,0.107381477673,0.0929629915223
DEEP RIVER,0.194375169448,0.161389485939,0.150998013505,0.146842967464,0.151569344789,0.146643896469,0.190990990267,0.171796850779,0.152512370022,0.173984596607,0.188695936624,0.208921804562,0.174435864611,0.170487012119
DERBY,0.358578178348,0.340231309381,0.327047812783,0.340392324661,0.357294293558,0.32978305961,0.415283433124,0.330283364129,0.329071721534,0.312571701347,0.299311249411,0.320292792502,0.311817005168,0.319696137568
DURHAM,0.271454885556,0.230055723088,0.199555272325,0.220740025621,0.169984817991,0.162495388391,0.173456107214,0.178607592996,0.157648825073,0.153286591609,0.171382687971,0.160199474779,0.158319106953,0.15327990861
EAST GRANBY,0.212484924683,0.178865767358,0.161170726204,0.152868782768,0.147214269758,0.143988633913,0.160190429493,0.155729207496,0.138319997868,0.14468626376,0.153997419306,0.151593875695,0.142240030262,0.144922866523
EAST HADDAM,0.241968981014,0.232130460792,0.207579689251,0.216109205416,0.228357154004,0.220590785561,0.357333713442,0.241482101016,0.224781674903,0.222047603332,0.245034258453,0.242482297009,0.236622882223,0.213751157672
EAST HAMPTON,0.342698405158,0.316639154953,0.297903308737,0.279321616093,0.290991819864,0.282269821429,0.403650575458,0.294272064668,0.288095710261,0.278697876437,0.281490472051,0.282390583065,0.288798110495,0.268201808665
EAST HARTFORD,0.299207850458,0.301150830812,0.29409566791,0.288230756937,0.319389695311,0.30642601271,0.428494655438,0.348596258707,0.328715533776,0.314146811012,0.339501058124,0.32430780217,0.332916106017,0.326910878931
EAST HAVEN,0.337874236835,0.35724820939,0.350899948399,0.358846432833,0.351323581561,0.31525693974,0.384692962951,0.331063123491,0.297425535709,0.260276959658,0.295628859335,0.291479502514,0.289605657808,0.277845410391
EAST LYME,0.253817520752,0.231835384961,0.201095906608,0.188721003077,0.19527142506,0.184035430361,0.198011676273,0.20716017716,0.187402443118,0.176936642545,0.203091417218,0.19874634601,0.208583311872,0.200154611916
EAST WINDSOR,0.263759100182,0.260265264637,0.247313442391,0.236063423097,0.24819596429,0.232762759334,0.348233522908,0.275152416877,0.232039900991,0.211907319569,0.233142229575,0.240059819927,0.235766472212,0.233931036171
EASTFORD,0.389304099541,0.331496372273,0.305452448674,0.315484916937,0.304902720886,0.298200538692,0.306613506938,0.320809340175,0.330182607141,0.309314192499,0.316032654956,0.310910272967,0.317405129449,0.32355849948
EASTON,0.0751004475151,0.0452944722505,0.0344560158116,0.0341858343849,0.0426151586163,0.0497093148021,0.146259953658,0.0543705513011,0.0515351133996,0.0552830729645,0.0563946714589,0.0620611525973,0.0692628851259,0.0656573935107
ELLINGTON,0.313032493011,0.305080547892,0.293892117581,0.281309184793,0.286749842303,0.273524884566,0.410639806678,0.300075890227,0.289513330069,0.289515897219,0.290523762787,0.28513276679,0.291397758994,0.2840282686
ENFIELD,0.34536217012,0.313674951757,0.296677524449,0.298741448241,0.31510395815,0.312318914681,0.435548254046,0.318479851775,0.317103835489,0.324959455592,0.339315607116,0.332335397076,0.330820931008,0.3256679264
ESSEX,0.0799783864277,0.0670535482122,0.0580837518978,0.0865253167033,0.065449089144,0.0872112711135,0.126634215705,0.0767919311939,0.0635790115424,0.0562563093671,0.0573016061062,0.0627700924086,0.0667360668792,0.0650206054092
FAIRFIELD,0.0818330501813,0.0691036849032,0.0690147575232,0.0607786254074,0.0662798874824,0.0617059078887,0.174869999098,0.0811083382441,0.0788315465417,0.0790983824322,0.0880481057294,0.0904613601796,0.0979723560446,0.0839991291325
FARMINGTON,0.139272069488,0.131077583209,0.113465759486,0.0975679505581,0.113178844601,0.114191560943,0.252854613997,0.127447353782,0.121987727024,0.119161824202,0.127936044392,0.124989467716,0.135170216427,0.124310741862
FRANKLIN,0.259479051782,0.22018502706,0.266904758819,0.250869773673,0.25347944506,0.257115869537,0.371151947617,0.282727021406,0.265745539595,0.268514208141,0.259225202396,0.260682124971,0.265746078184,0.265737962292
GLASTONBURY,0.0965413185889,0.0961342365717,0.0883799696673,0.0848941452964,0.0639800742638,0.0599151706,0.245249603292,0.0699282305087,0.113157011194,0.11247251688,0.122380736665,0.137110454169,0.130923310069,0.114960934848
GOSHEN,0.0519648034217,0.0472060715535,0.0382887626017,0.0374452159692,0.0355230343002,0.0360654406717,0.0463827830151,0.0381455188061,0.0373506694799,0.03792543549,0.0392213924435,0.0419809123714,0.0321186359842,0.0312597323538
GRANBY,0.206132270909,0.199581059248,0.195981916044,0.188380239719,0.20299743141,0.208994407833,0.339329859428,0.2328455831,0.225029244726,0.22080931188,0.257193475119,0.228459923727,0.241626208676,0.215276548948
GREENWICH,0.0940338227174,0.0867788305408,0.0851048080566,0.0767899255252,0.0958074182275,0.0977749938239,0.210023473179,0.107994608215,0.0616227442497,0.0649594000293,0.0759920493216,0.0711708866982,0.082758213679,0.0811959284587
GRISWOLD,0.511798596369,0.493230416306,0.461007355044,0.446637224927,0.439077157621,0.416664276595,0.524912932984,0.470453543828,0.46753245247,0.426869007898,0.442251529545,0.418572799338,0.409573420235,0.401388157492
GROTON,0.49030227289,0.434992407282,0.422493527965,0.412842574548,0.402377352007,0.381501917066,0.474689442944,0.38670704678,0.35788996548,0.345136566023,0.355289591569,0.348465500334,0.353559161009,0.34749209245
GROTON (City of),0.13904896258,0.0977099016406,0.105963456775,0.104458736997,0.0981075644612,0.0582116235626,0.0544132786775,0.0482221596478,0.0412668696009,0.0132920969757,0.0264556832697,0.0215820376636,0.0528825326517,0.0323862217368
GUILFORD,0.124346176098,0.110219721915,0.102914517755,0.103267185008,0.117343418885,0.114054486913,0.249193935382,0.118037640236,0.107448756635,0.102090360249,0.121604218066,0.113893764268,0.123932984194,0.109293454831
HADDAM,0.0554689885103,0.0468054324234,0.0682299723165,0.0709715357974,0.0669284507803,0.0625678208481,0.0911872933652,0.0760013701206,0.0677150003298,0.073253120041,0.0786766218983,0.0715380366224,0.0708543351214,0.0681013364145
HAMDEN,0.230760183455,0.229351781253,0.221890352804,0.21706236811,0.207486781256,0.213933412468,0.224706300996,0.262605498853,0.23470172037,0.243661854632,0.225817767658,0.225727580038,0.207576927348,0.179591654826
HAMPTON,0.382486580785,0.332582921096,0.324065916805,0.315147252595,0.315775535985,0.318762652733,0.323082913135,0.341764706904,0.309185691462,0.296887049022,0.318864926948,0.318088200635,0.317820850952,0.335505868038
HARTFORD,0.558073255935,0.539258781304,0.521412510702,0.50486792495,0.50857348113,0.495333988212,0.569384572747,0.499153353865,0.486066246125,0.485021841667,0.489045446148,0.510686027112,0.51355768903,0.51064055093
HARTLAND,0.359680299778,0.331951043113,0.307444422065,0.311521843479,0.307568101906,0.307567710983,0.371345141384,0.301201251503,0.277392754557,0.264083195211,0.297485681956,0.287806006627,0.303060218586,0.298664879681
HARWINTON,0.21386321487,0.194885693018,0.177757688723,0.181710397817,0.18610412984,0.177308467159,0.196942719102,0.260269928166,0.221222437614,0.183567551407,0.176477557781,0.20137238265,0.180114818046,0.17930243206
HEBRON,0.286137749844,0.265889344714,0.246843483364,0.241814911036,0.239494939969,0.231826823094,0.25362159259,0.25354678201,0.244716659557,0.240653966174,0.238768822488,0.245845517839,0.243906592952,0.236670319887
KENT,0.101820410158,0.238728963629,0.064198318566,0.0495375684521,0.0581139107988,0.0737838219746,0.153226997194,0.0711524466657,0.068933655654,0.0832926087815,0.0744450792438,0.0924957932374,0.105792473232,0.0960068601074
KILLINGLY,0.530724925646,0.497754201654,0.461276363015,0.42952221298,0.422400846202,0.433128196274,0.517553205072,0.43808892986,0.426998922751,0.374578064256,0.413981091595,0.405984438397,0.389508578398,0.386916595762
KILLINGWORTH,0.180893357035,0.16288601436,0.137506796469,0.136726371742,0.131846641082,0.13003371979,0.13639312547,0.126494210308,0.115421915705,0.118532027624,0.1248733859,0.136381030895,0.132039720426,0.131992246444
LEBANON,0.378990238779,0.35302651935,0.334989884735,0.31540607918,0.322548200858,0.313621125353,0.442944927068,0.326716456369,0.327227265886,0.322398917147,0.32564120039,0.316516422186,0.325404941037,0.311198385114
LEDYARD,0.381263688988,0.364062066111,0.336999658453,0.329440093494,0.319666609377,0.317964646989,0.424973038856,0.353157859956,0.342740782789,0.350618285397,0.362918865841,0.35855813662,0.359152816519,0.353514910479
LISBON,0.459560090932,0.434180217477,0.40114311352,0.371852374371,0.373340224666,0.377070571932,0.376518070278,0.376633515954,0.332341729421,0.335397591104,0.376231124561,0.362534877254,0.369486583617,0.364833578042
LITCHFIELD,0.116456761914,0.119135207587,0.0919194396428,0.0894919442992,0.101784061264,0.0970658207772,0.238429353074,0.111624239694,0.10175042349,0.10340442539,0.117482125333,0.121272985421,0.125928677563,0.113790354723
LYME,0.0539215714122,0.0372215747386,0.0446695180594,0.048401573561,0.0490739980177,0.0378773208764,0.0733502982008,0.0514698734246,0.0399885590554,0.0410069055452,0.0412955417143,0.0434031734403,0.0970720954067,0.0456982023016
MADISON,0.0932745014029,0.0818863996029,0.0812391655002,0.0631184066738,0.0801894642137,0.0776899448628,0.229987047151,0.104059114944,0.0957390523981,0.0921548991531,0.108205968294,0.109396003508,0.117714482578,0.104802403182
MANCHESTER,0.304252952251,0.289374344043,0.270126679218,0.264878253248,0.263834453484,0.253821466936,0.369537464401,0.273371446976,0.253242924528,0.2431330776,0.274397324539,0.270094603659,0.265962438753,0.258139870532
MANSFIELD,0.482905970537,0.457541163358,0.432283883205,0.440487030484,0.460719260942,0.443100945905,0.50023070223,0.456234559902,0.427384107619,0.405384577949,0.423973320952,0.419704101477,0.416144488516,0.408524754676
MARLBOROUGH,0.232848661156,0.208323284224,0.195974313615,0.193928864249,0.191523043786,0.1770234636,0.270599664251,0.194759117958,0.188116072834,0.189927066191,0.194751696456,0.19030173017,0.191870172964,0.179683438484
MERIDEN,0.409386025137,0.377675717198,0.373023902818,0.364645584197,0.359711655991,0.352050158219,0.461682956744,0.369953246086,0.349934801301,0.342573529168,0.390574469037,0.374412634643,0.384308280277,0.373883917599
MIDDLEBURY,0.0232661680108,0.0261507793062,0.0243620805748,0.023482550205,0.0230568021723,0.0266766355517,0.0362427383729,0.0333555274357,0.0335688326655,0.034896292857,0.0551089641783,0.0481876049404,0.048844186376,0.0407637860773
MIDDLEFIELD,0.181004090953,0.190013293494,0.170568401509,0.170024422348,0.167679976201,0.171756234792,0.172727731204,0.17169013023,0.154532730409,0.143715277837,0.15475417948,0.157822056934,0.152782531128,0.151335462412
MIDDLETOWN,0.298445202882,0.287079214568,0.270660137043,0.267913041808,0.271617594676,0.262016303953,0.377008711826,0.282336981374,0.246699038049,0.238829490447,0.260744444283,0.252096522093,0.252467920524,0.231710227951
MILFORD,0.152085381267,0.133164872189,0.126147052901,0.119856779143,0.136073130108,0.128620484632,0.245172991485,0.136598110433,0.126461060219,0.120056209305,0.13982419431,0.133307125405,0.136725657179,0.117531328442
MONROE,0.183955879873,0.167161232824,0.15814021918,0.136508293616,0.15563550624,0.147302181279,0.2968586086,0.156632105763,0.153515505143,0.151506682874,0.158824007276,0.167213264189,0.170190039216,0.148407903233
MONTVILLE,0.388731232389,0.368804192172,0.333726127995,0.320882475634,0.330210816218,0.34386361509,0.382630778659,0.338489799065,0.364351432619,0.362664357461,0.368442272147,0.33543614088,0.363607102528,0.363340909418
MORRIS,0.127968608052,0.108699558617,0.0989858948321,0.10014602281,0.0996677654709,0.0900431335965,0.0885232024558,0.0924796320274,0.0892081432374,0.0894571504784,0.08791797669,0.0900505980779,0.0835673442301,0.084325779246
NAUGATUCK,0.431171844792,0.390594904616,0.367304593255,0.344365374514,0.345397860086,0.336933498134,0.422183120555,0.343867289234,0.311942783087,0.303447791447,0.335376962382,0.334997730427,0.33323266476,0.325255929859
NEW BRITAIN,0.493670316062,0.466486253702,0.448113978626,0.451856932378,0.47007156799,0.467883419566,0.556020267674,0.485223433329,0.450245682595,0.436643568337,0.4633547297,0.449979652446,0.468338212173,0.446086217407
NEW CANAAN,0.0468301259,0.0454136676367,0.0374552677528,0.0379864134962,0.0528275389032,0.0512249046586,0.0593740813801,0.0614200539645,0.0596485969984,0.061548440219,0.0796901445251,0.0813733137282,0.0993263273025,0.0842108730342
NEW FAIRFIELD,0.179602111897,0.160796708481,0.150280506342,0.147549824882,0.166705711941,0.163479787413,0.172570025121,0.174887324504,0.177680282648,0.168552608193,0.17915605708,0.179607947159,0.177556017556,0.160140616553
NEW HARTFORD,0.220641005295,0.233797777995,0.201732016448,0.201411450196,0.226232174452,0.191608645207,0.299987420625,0.228886354579,0.208289185154,0.2548227132,0.219650133576,0.217555488975,0.217937092946,0.22006560366
NEW HAVEN,0.568440398197,0.541204391047,0.52494146122,0.518259612447,0.502474781624,0.490493229913,0.559580677283,0.48187508623,0.478970018217,0.468459462113,0.474742610138,0.461798689758,0.456812452704,0.453693190444
NEW LONDON,0.499537273845,0.521882878661,0.49388733709,0.46857239304,0.45368138037,0.461643181982,0.528027721115,0.463866086554,0.431282611224,0.44436493788,0.462318139199,0.443309566617,0.437436969748,0.410484910549
NEW MILFORD,0.240712131049,0.238411741727,0.206874946068,0.193827054008,0.220768723806,0.213972949389,0.332672064734,0.228882211288,0.212125119755,0.22230098823,0.232072710606,0.232373906218,0.234439929551,0.228455286652
NEWINGTON,0.225247830041,0.206473053027,0.198524730826,0.190971462407,0.170876234008,0.17469307468,0.322696261257,0.225743615113,0.229669097027,0.22014648756,0.246784902228,0.223623007673,0.232704346981,0.219189412738
NEWTOWN,0.152025093751,0.129953296288,0.117219560171,0.102949966108,0.11036677744,0.105627052756,0.214399510001,0.124981038655,0.114354128306,0.114326927536,0.132105407341,0.132139557003,0.137901870876,0.129062171499
NORFOLK,0.179836550291,0.162952102025,0.121439873136,0.121822972334,0.131960157103,0.127378197475,0.204992407744,0.140777492346,0.116807799553,0.123605196668,0.13115037288,0.126454368621,0.135932637563,0.129948742891
NORTH BRANFORD,0.309760925959,0.266000921232,0.246539807076,0.241897662062,0.246199388879,0.23639596969,0.365353738381,0.254619643241,0.228027230861,0.226466314942,0.246910099869,0.24959464996,0.239746925447,0.224999378852
NORTH CANAAN,0.361987843659,0.323389502293,0.300387087071,0.304094066315,0.293023243746,0.30424345376,0.369933927323,0.294661437731,0.285722958241,0.260616928452,0.260889763504,0.259148541426,0.244360773426,0.265072272878
NORTH HAVEN,0.113745725632,0.0927898446081,0.083792416795,0.0777300314265,0.087447587967,0.0837885906158,0.100211601705,0.107768968162,0.108637863512,0.0990050680313,0.120188591352,0.119831441695,0.11101332628,0.114608760135
NORTH STONINGTON,0.356051167477,0.331292760632,0.301801129591,0.298160596928,0.297861478121,0.304714090664,0.323742881553,0.313439953963,0.302105642075,0.303173275718,0.324991416498,0.348444351156,0.315252354921,0.286604603505
NORWALK,0.121059095193,0.10297220781,0.100371844214,0.0937023286917,0.107637703147,0.107002210539,0.104366396313,0.108974549715,0.101990445119,0.101849216381,0.114761090462,0.121068488724,0.11896491729,0.120514911523
NORWICH,0.431223242019,0.41737598537,0.402805590032,0.394137765772,0.417724320317,0.409593979256,0.488390036673,0.435898959293,0.386522607404,0.383576950954,0.404399787871,0.388586714222,0.389043921378,0.367967714733
OLD LYME,0.0295309450009,0.0345437757964,0.0268090345531,0.0257968528672,0.0297749603466,0.0264339158601,0.0340115576228,0.0337230743127,0.0268445405138,0.0362171715218,0.0359158682515,0.0363713125053,0.0384667568552,0.0333940938174
OLD SAYBROOK,0.0909783623578,0.0840696054215,0.0631094018389,0.0640559716682,0.0862235484425,0.0673565207494,0.169535635909,0.0748642014417,0.0728368094192,0.0732085721865,0.0913526796695,0.0890453083458,0.0955781012105,0.108360322603
ORANGE,0.0606585899552,0.0581591468658,0.0551978728719,0.0466213726029,0.0683968992874,0.0599070207652,0.139062656249,0.0671166136319,0.0577947114186,0.0577601464776,0.070140527377,0.0799522894527,0.0767996102732,0.0711891620799
OXFORD,0.246595071409,0.219965232849,0.206427367796,0.188089137522,0.195193754191,0.190147016429,0.333416137841,0.241159857374,0.201908903464,0.187660694204,0.209241864928,0.1990793882,0.192336176294,0.186018025705
PLAINFIELD,0.566407567598,0.546753937802,0.519828116119,0.487339465315,0.480234782806,0.474499738878,0.478070100552,0.491427972907,0.470590292837,0.496337046279,0.472727620354,0.475880883736,0.458088259822,0.435959301661
PLAINVILLE,0.299860597452,0.290994836958,0.264794773889,0.280871230931,0.277682260328,0.268418945984,0.389506897941,0.29156605386,0.287752160517,0.271981285175,0.279352018388,0.269743567465,0.275070737827,0.262849984535
PLYMOUTH,0.372852645532,0.353285784797,0.333105194177,0.313259470928,0.316365547219,0.310451546425,0.390337471909,0.337293696671,0.341802550216,0.339610213414,0.344615508823,0.331366846795,0.32196834002,
POMFRET,0.40726127358,0.372607231647,0.393692017539,0.382573964338,0.389094916922,0.370588478839,0.371911715575,0.379401221304,0.372261641912,0.359380853212,0.355831582583,0.351707899273,0.344474004382,0.344493039643
PORTLAND,0.221409686137,0.21206576376,0.19187562595,0.181609332897,0.196009269432,0.183774128748,0.308713604006,0.206716577691,0.204203947444,0.196521792247,0.197568029831,0.208696679329,0.207815743321,0.202935755582
PRESTON,0.467279060183,0.41656403126,0.376021116152,0.354215574346,0.37488955924,0.37591022313,0.38140150424,0.389081165909,0.352868771416,0.341787769083,0.358187594923,0.355044244485,0.373890969384,0.351059876427
PROSPECT,0.247556788125,0.229604044426,0.22742248468,0.217185176708,0.209165926846,0.197980190445,0.211332606714,0.217373356929,0.213684828518,0.215955068072,0.21855906148,0.212280585555,0.201959345919,0.190410282924
PUTNAM,0.536197490736,0.49246795334,0.488740081523,0.418189318943,0.457779350026,0.468658827115,0.56627250916,0.469789445284,0.436170253259,0.469120316467,0.480032428171,0.468636232689,0.461530483208,0.458410682104
REDDING,0.0337011971663,0.0335190037613,0.0382590909765,0.0359663751913,0.0411460929706,0.0524004396114,0.171687588527,0.0670151250315,0.0612470924257,0.0647872677385,0.0734629447574,0.0701977295775,0.0747420017459,0.0794066216526
RIDGEFIELD,0.0541783682607,0.045790667799,0.0361131270628,0.039136182328,0.055687164149,0.0547670368809,0.209272419933,0.0781092295503,0.0749038600566,0.0758159248776,0.0891327615366,0.0971614358443,0.107161517037,0.0887926126567
ROCKY HILL,0.152756670999,0.11884527488,0.112198096391,0.109061901547,0.11799626359,0.114481848797,0.245729345045,0.134775629372,0.121810322959,0.12103415638,0.143345647865,0.133335384621,0.14492718805,0.130995445367
ROXBURY,0.045998408984,0.0288490466118,0.0237966437878,0.0311999751153,0.0437425980509,0.0406478308225,0.0430297565618,0.0422589995627,0.0179800126443,0.0219250999873,0.0226370008726,0.0266381565597,0.0270172223915,0.020710163488
SALEM,0.329484727533,0.324052237249,0.294082415666,0.283639808418,0.281712125405,0.277620585273,0.345618691327,0.29348808658,0.274921136775,0.254565846949,0.273974574681,0.282283032045,0.288906727276,0.28283432966
SALISBURY,0.0730149182566,0.0633702060458,0.048452397606,0.0504710518504,0.0554627514866,0.0743898101511,0.145751210425,0.0626594967031,0.0584845010891,0.0639685631276,0.108082139961,0.0774045371194,0.0717757890362,0.078600086227
SCOTLAND,0.409193357031,0.395399311982,0.355238992252,0.338195803494,0.345964306359,0.350734574207,0.346541387138,0.355702573357,0.328316533571,0.285185468049,0.322704907497,0.322459056124,0.330940025727,0.325481484253
SEYMOUR,0.341197588842,0.334106009335,0.304812367217,0.288114249891,0.30002167796,0.294343780519,0.38240782829,0.257144396756,0.225025092915,0.235691509543,0.263212888993,0.261050927368,0.265926127468,0.257716146547
SHARON,0.0975495901264,0.088696698946,0.0695548022912,0.0433645170193,0.0903907406495,0.04218668099,0.137020287566,0.0630683066181,0.0492101517727,0.052389104735,0.0507266252228,0.0579344609582,0.0548483947775,0.0601244587716
SHELTON,0.117102724001,0.115234616208,0.101301607235,0.0972151478982,0.112286114994,0.113215816792,0.254952289871,0.116054453675,0.114666986994,0.105280529347,0.129908850847,0.120046752848,0.128493756681,0.130115262524
SHERMAN,0.0643628708843,0.0632133671125,0.0639810148869,0.0708131425297,0.0907528656182,0.0958392425778,0.205430342049,0.0956349090311,0.088473767064,0.080201580695,0.0833825925405,0.0841645213555,0.0942134503631,0.083562066104
SIMSBURY,0.0827017157323,0.0771448726135,0.0683942389012,0.0638993163599,0.0854993925252,0.0910096325948,0.260557458398,0.122389874633,0.126058168418,0.122615324629,0.132168534886,0.141955911012,0.142950748312,0.129935159507
SOMERS,0.422329126429,0.400849442566,0.385630033881,0.381262053883,0.398794362412,0.397384955351,0.51582398233,0.425852218174,0.377836794696,0.379472432925,0.410055631083,0.379161414381,0.388163577131,0.376931833694
SOUTH WINDSOR,0.201911269674,0.191157912074,0.180564251707,0.174507135085,0.184198980258,0.174471507138,0.330858153231,0.209379758638,0.205903724952,0.201587568631,0.202017205842,0.203017820266,0.205743420793,0.186425387459
SOUTHBURY,0.0554105442343,0.0501993189188,0.0500461881359,0.0380316777915,0.0379895229187,0.0454278838631,0.0551496790997,0.056083508484,0.0505198434809,0.0481865005496,0.0633606211522,0.0633603638063,0.0569431577989,0.0557692002359
SOUTHINGTON,0.25885326919,0.245694681137,0.226829581169,0.218887507646,0.227543809673,0.223313235202,0.362678076806,0.240561228618,0.234636069132,0.227842825498,0.236276336002,0.23074754397,0.237496110215,0.217848716169
SPRAGUE,0.46241005839,0.56034756998,0.459261091363,0.505406257489,0.375004091783,0.392318729734,0.418223982047,0.414469921682,0.410809163111,0.407111019123,0.425887472494,0.40664578128,0.442758322334,0.425901892412
STAFFORD,0.458776903115,0.428940538604,0.407010377243,0.396598254419,0.383015096558,0.372773450519,0.493826322482,0.397828314559,0.350518329397,0.34472515368,0.367764655541,0.351198295823,0.352467528046,0.338151473144
STAMFORD,0.0697273474876,0.0619292872059,0.0771935097015,0.0789955774925,0.0988424170978,0.0868613715868,0.0875832869466,0.087038290632,0.0798845916556,0.0846341466509,0.0924534406913,0.0944539835315,0.100696032734,0.0887110195618
STERLING,0.481515644528,0.4649892014,0.435609425499,0.392034266724,0.377263154075,0.37461474274,0.379273763998,0.374468030031,0.373234130147,0.349891628003,0.387583078898,0.376308214781,0.369017240515,0.354052383079
STONINGTON,0.12381065635,0.107493278817,0.0813652914926,0.0826870356985,0.0911574471427,0.0917334682803,0.0954149978722,0.0931006878859,0.0858846077001,0.0854851686567,0.0951285007578,0.0977155023828,0.108485039899,0.0879365602579
STRATFORD,0.186063303182,0.190155059439,0.185634691368,0.177819859393,0.189857695494,0.177087971317,0.302727644392,0.193229792458,0.179252898281,0.169578006668,0.186432735995,0.206718221785,0.197809243113,0.19283743354
SUFFIELD,0.280304398014,0.268571630818,0.249712178058,0.267306674737,0.279749292523,0.293292945132,0.41129391104,0.30514147097,0.268874845885,0.294937597258,0.323919078322,0.314317875024,0.308395517307,0.290606676601
THOMASTON,0.350950319023,0.328763681537,0.308517887011,0.300357983223,0.295752210275,0.280696434476,0.385901686444,0.31482776239,0.287260202339,0.283885238989,0.317198580365,0.307943697603,0.310389488375,0.300086838158
THOMPSON,0.472981418003,0.464309684067,0.437115612373,0.421502270039,0.433936397859,0.421086279075,0.530454320313,0.4439391558,0.437470031877,0.420224732564,0.430544183641,0.418369009979,0.409261324145,0.404054974482
TOLLAND,0.287324650254,0.28902089429,0.276799831774,0.264503807446,0.268348358359,0.256707213195,0.405983078791,0.297151096567,0.269514319963,0.268310473617,0.301863028765,0.293159882714,0.298163920231,0.284083827462
TORRINGTON,0.351876272051,0.331566890246,0.301233152435,0.295710866028,0.316508742726,0.317834709649,0.422818699489,0.331508372148,0.323266960576,0.303893110963,0.306619549252,0.296343382891,0.291355424362,0.273242586214
TRUMBULL,0.0594849244118,0.0578936766927,0.0681700855667,0.0690679367291,0.087593674937,0.0837417618835,0.0987060508253,0.0925042863424,0.0905295551946,0.0886197487237,0.106787425875,0.109614547962,0.11181205517,0.108960944101
UNION,0.305976080046,0.241418051376,0.208779976441,0.174255615685,0.203957712295,0.203352672338,0.195957021534,0.182310684435,0.188594762886,0.184468457775,0.188823326336,0.189439152507,0.199170385433,0.183375929668
VERNON,0.324758628166,0.32362971667,0.300732626171,0.289996373065,0.302439320227,0.295702996894,0.410167265792,0.311010121453,0.296166256792,0.290431659269,0.318154257354,0.292287349096,0.28199795333,0.277938229604
VOLUNTOWN,0.542239779356,0.46542293888,0.444266435905,0.455740376189,0.444931575094,0.446049771255,0.494499342518,0.437965070437,0.389859012184,0.390364111635,0.402307119478,0.414469735061,0.410586642019,0.415257150898
WALLINGFORD,0.235819261724,0.256353506096,0.235536329988,0.234286925945,0.244532189399,0.233570763974,0.36857067218,0.247176958008,0.225994660696,0.215616071239,0.243082737211,0.245951256825,0.251611577677,0.23523086654
WARREN,0.0398186326428,0.0328636008635,0.030126813365,0.0403244343255,0.0343979798147,0.0334022236698,0.0346188652675,0.0370980210931,0.0287614032347,0.0300062614598,0.0334658589165,0.0337599349222,0.0324902747716,0.026464012011
WASHINGTON,0.0233410409415,0.0295917534898,0.0255041480975,0.0283527909942,0.0228815072965,0.0195018301677,0.021631804055,0.022049476418,0.0203818686114,0.0227923447885,0.0202273605655,0.0239544313219,0.0226180958794,0.0290978970139
WATERBURY,0.433289012288,0.393991708275,0.386457590427,0.38630397089,0.393400275465,0.391952878712,0.48155417566,0.402863557617,0.404510741597,0.392368603158,0.402677752552,0.395897985458,0.391045489343,0.378753869969
WATERFORD,0.0496614804718,0.0568480578846,0.0521382155115,0.0558438227166,0.0778121962157,0.0755485877062,0.196563785868,0.0911345458263,0.0892190800203,0.0852873156504,0.0992142448339,0.097897121189,0.101383971509,0.101953724636
WATERTOWN,0.325754489426,0.307737169423,0.283315541761,0.279442676586,0.281999342678,0.27020757907,0.389573336326,0.279003103342,0.278189077254,0.251993033069,0.279577425508,0.271371391009,0.264631434453,0.249125119226
WEST HARTFORD,0.112647428526,0.111320139464,0.102242495621,0.105962221244,0.122302712305,0.117871612233,0.267590497738,0.143624039355,0.128623474653,0.138881321485,0.183750766007,0.155543933463,0.163432015466,0.151398039976
WEST HAVEN,0.403361270942,0.395313016122,0.383302853523,0.340765450942,0.365465124872,0.343709569729,0.370400503041,0.341530280609,0.390689730953,0.388636612128,0.391290025465,0.403665776463,0.411101448884,0.415680794546
WESTBROOK,0.138060749909,0.124482013569,0.103024496303,0.0929093178758,0.101471594419,0.0977927145737,0.233751849167,0.110283245643,0.104962575333,0.0958497697236,0.113198101272,0.0961977816445,0.108184784924,0.102764182811
WESTON,0.0512202852615,0.0434819004744,0.0416150211446,0.043260930157,0.0601266062378,0.058504439056,0.0636576112218,0.0654686674736,0.0633443817706,0.0671703559498,0.0801932425112,0.081234194683,0.0906541201724,0.091505173025
WESTPORT,0.0143503828643,0.0116741209306,0.0102056606766,0.00977127365408,0.0167583898692,0.0180618894337,0.0223409829408,0.0244857173852,0.01931560439,0.0236115798437,0.021893393737,0.0218076462912,0.019302930345,0.0190725183699
WETHERSFIELD,0.112750098793,0.120923462742,0.11473608119,0.121048938774,0.133254201031,0.128246564815,0.272548212963,0.162745420637,0.160294260306,0.164188766789,0.183149776174,0.174482983063,0.177261484778,0.165135259989
WILLINGTON,0.336738626128,0.316070587072,0.283577931532,0.281976660721,0.294310554273,0.277138130133,0.391571378228,0.301686620581,0.270043802971,0.293323898118,0.302793125464,0.296322365597,0.300480820687,0.296904524218
WILTON,0.0836726977703,0.0757781742499,0.0586697179267,0.0576319973645,0.0756305563218,0.0763613690797,0.0849982558406,0.0880301209701,0.0797974249582,0.0794966133432,0.0934361594905,0.0935641462265,0.104200911543,0.0876844125009
WINCHESTER,0.347744948007,0.355900406309,0.311271829778,0.309612885486,0.319604270899,0.331010695959,0.401662323522,0.351144533485,0.321691166748,0.315953060385,0.337469684774,0.315582885149,0.299347835098,0.311852068465
WINDHAM,0.563944517126,0.555046725716,0.540335914797,0.512404770479,0.530630266627,0.526859380427,0.598315178046,0.531954644566,0.494718130158,0.485960312299,0.515162908586,0.505695628723,0.499790403482,0.501046218902
WINDSOR,0.181225692272,0.183457828043,0.174302996726,0.170047902592,0.182563490652,0.184045049411,0.207333654653,0.209279577467,0.200426903144,0.193798677242,0.20217447414,0.197820705065,0.202306008072,0.194596416779
WINDSOR LOCKS,0.321371711109,0.312827091568,0.278654448829,0.29902741168,0.307382308505,0.310038797919,0.428130638016,0.335623146329,0.326468739611,0.319929655749,0.344842267545,0.324049861196,0.317383344661,0.295701121164
WOLCOTT,0.370255122452,0.350839369707,0.332341699336,0.334792311271,0.348387783077,0.352220103144,0.468972379256,0.373103132083,0.343859773162,0.345609840162,0.374571017776,0.379747094522,0.379038434713,0.367917761573
WOODBRIDGE,0.0476248407011,0.0373279425744,0.0360059052656,0.0348613286051,0.0408146812946,0.0439062625428,0.0486671370654,0.0487444676007,0.0443958528499,0.0448021761819,0.0589782494128,0.0625667210253,0.0587656080749,0.0585515850153
WOODBURY,0.076491637817,0.0584472822751,0.0462430010073,0.0449793067708,0.0484614718761,0.0440841425942,0.0470477082175,0.0457323389393,0.0403487241552,0.0415932039354,0.0446815055228,0.0450611626345,0.0454621799726,0.044653650186
WOODSTOCK,0.374919857638,0.357909791014,0.342455896235,0.325685974601,0.337120101004,0.322244595221,0.332045830814,0.342925377384,0.341261193675,0.326091817838,0.323387557211,0.333829177696,0.317234168645,0.304219640798
